Inativo,Emp.,Dt.DAV,Nro.DAV,Item,Produto,Modelo,Qtd.,Vl.Total,Grupo,Detalhe
,48,2021-06-29,480001195,3,367684,BELLATIS REC TW6057 C2,1,235.28,,
,48,2021-06-29,480001195,1,30227,LENTE MULTIFOCAL INCOLOR C/AR PRONTA - IN,1,122.36,,
,48,2021-06-29,480001195,2,30227,LENTE MULTIFOCAL INCOLOR C/AR PRONTA - IN,1,122.36,,
,48,2021-06-29,480001194,1,30240,LENTE FOTOSSENSIVEL AR PRONTA - CIN,1,109.0,,
,48,2021-06-29,480001194,2,30240,LENTE FOTOSSENSIVEL AR PRONTA - CIN,1,108.99,,
,48,2021-06-29,480001193,2,30061,LENTE CR 1.67 AR PRONTA - IN,1,161.16,,
,48,2021-06-29,480001193,3,373467,BELLATIS REC BR1016 C2,1,267.68,,
,48,2021-06-29,480001193,1,30061,LENTE CR 1.67 AR PRONTA - IN,1,161.16,,
,48,2021-06-29,480001192,1,30011,LENTE MULTIFOCAL CR INCOLOR -IN,1,107.14,,
,48,2021-06-29,480001192,2,30011,LENTE MULTIFOCAL CR INCOLOR -IN,1,107.15,,
,48,2021-06-29,480001192,3,372840,URBAN REC JL302 C1,1,85.71,,
,48,2021-06-28,480001191,5,366190,LENTE CR INCOLOR FOSCA,1,43.56,,
,48,2021-06-28,480001191,3,371488,ARM REC URBAN  MMJMB1424P C1,1,163.33,,
,48,2021-06-28,480001191,4,366190,LENTE CR INCOLOR FOSCA,1,43.56,,
,48,2021-06-28,480001191,7,373593,ARMAÇÃO SOLAR (BRINDE),1,0.01,,
,48,2021-06-28,480001191,1,30227,LENTE MULTIFOCAL INCOLOR C/AR PRONTA - IN,1,141.55,,
,48,2021-06-28,480001191,2,30227,LENTE MULTIFOCAL INCOLOR C/AR PRONTA - IN,1,141.56,,
,48,2021-06-28,480001191,6,371716,URBAN REC PROMO SG,1,54.43,,
,48,2021-06-28,480001190,3,373468,BELLATIS REC FY115 C1,1,240.29,,
,48,2021-06-28,480001190,5,30056,"LENTE CR AR PRONTA 0,00 ATÉ 4,00 ESF CIL ATÉ 2,00",1,59.88,,
,48,2021-06-28,480001190,6,373571,BELLATIS REC FY107 C1,1,40.18,,
,48,2021-06-28,480001190,2,30056,"LENTE CR AR PRONTA 0,00 ATÉ 4,00 ESF CIL ATÉ 2,00",1,59.88,,
,48,2021-06-28,480001190,1,30056,"LENTE CR AR PRONTA 0,00 ATÉ 4,00 ESF CIL ATÉ 2,00",1,59.88,,
,48,2021-06-28,480001190,4,30056,"LENTE CR AR PRONTA 0,00 ATÉ 4,00 ESF CIL ATÉ 2,00",1,59.88,,
,48,2021-06-28,480001190,7,373593,ARMAÇÃO SOLAR (BRINDE),1,0.01,,
,48,2021-06-28,480001189,1,356152,LENTE VX COMFORT ORMA TRANS ESTOQUE,1,440.08,,
,48,2021-06-28,480001189,5,373593,ARMAÇÃO SOLAR (BRINDE),1,0.01,,
,48,2021-06-28,480001189,3,373524,BELLATIS REC FY183 C1,1,295.83,,
,48,2021-06-28,480001189,2,356152,LENTE VX COMFORT ORMA TRANS ESTOQUE,1,440.07,,
,48,2021-06-28,480001189,4,373593,ARMAÇÃO SOLAR (BRINDE),1,0.01,,
,48,2021-06-26,480001188,2,40006,LENTE MULTIFOCAL CR INCOLOR ANT-REFLEXO - I,1,117.22,,
,48,2021-06-26,480001188,1,40006,LENTE MULTIFOCAL CR INCOLOR ANT-REFLEXO - I,1,117.78,,
,48,2021-06-26,480001187,1,356152,LENTE VX COMFORT ORMA TRANS ESTOQUE,1,675.0,,
,48,2021-06-26,480001187,2,356152,LENTE VX COMFORT ORMA TRANS ESTOQUE,1,675.0,,
,48,2021-06-26,480001186,1,356152,LENTE VX COMFORT ORMA TRANS ESTOQUE,1,675.0,,
,48,2021-06-26,480001186,2,356152,LENTE VX COMFORT ORMA TRANS ESTOQUE,1,675.0,,
,48,2021-06-25,480001185,4,30056,"LENTE CR AR PRONTA 0,00 ATÉ 4,00 ESF CIL ATÉ 2,00",1,74.5,,
,48,2021-06-25,480001185,3,30056,"LENTE CR AR PRONTA 0,00 ATÉ 4,00 ESF CIL ATÉ 2,00",1,74.5,,
,48,2021-06-25,480001185,2,30056,"LENTE CR AR PRONTA 0,00 ATÉ 4,00 ESF CIL ATÉ 2,00",1,74.5,,
,48,2021-06-25,480001185,1,30056,"LENTE CR AR PRONTA 0,00 ATÉ 4,00 ESF CIL ATÉ 2,00",1,76.5,,
,48,2021-06-25,480001184,1,372203,BELLATIS REC GI806 C4,1,298.99,,
,48,2021-06-25,480001184,2,30227,LENTE MULTIFOCAL INCOLOR C/AR PRONTA - IN,1,161.01,,
,48,2021-06-25,480001184,3,30227,LENTE MULTIFOCAL INCOLOR C/AR PRONTA - IN,1,130.11,,
,48,2021-06-25,480001183,1,30227,LENTE MULTIFOCAL INCOLOR C/AR PRONTA - IN,1,152.95,,
,48,2021-06-25,480001183,3,371543,BELLATIS REC 68303 C4,1,294.11,,
,48,2021-06-25,480001183,2,30227,LENTE MULTIFOCAL INCOLOR C/AR PRONTA - IN,1,152.94,,
,48,2021-06-25,480001182,1,30056,"LENTE CR AR PRONTA 0,00 ATÉ 4,00 ESF CIL ATÉ 2,00",1,74.5,,
,48,2021-06-25,480001182,2,371716,URBAN REC PROMO SG,1,49.99,,
,48,2021-06-25,480001182,3,30056,"LENTE CR AR PRONTA 0,00 ATÉ 4,00 ESF CIL ATÉ 2,00",1,115.51,,
,48,2021-06-25,480001181,1,370831,REC ATITUDE AT7101 D01,1,400.0,,
,48,2021-06-25,480001181,2,366266,LENTE VX COMFORT ORMA TRANS CZ FORTE ESTOQUE,1,840.0,,
,48,2021-06-25,480001181,3,366266,LENTE VX COMFORT ORMA TRANS CZ FORTE ESTOQUE,1,835.0,,
,48,2021-06-25,480001181,4,373593,ARMAÇÃO SOLAR (BRINDE),1,0.01,,
,48,2021-06-25,480001180,1,364762,"LENTE MULTIFOCAL FOTO AR PRONTA ATÉ+3,00 ESF",1,278.43,,
,48,2021-06-25,480001180,2,364762,"LENTE MULTIFOCAL FOTO AR PRONTA ATÉ+3,00 ESF",1,278.44,,
,48,2021-06-25,480001180,3,372795,URBAN REC JL318 C5,1,127.13,,
,48,2021-06-23,480001179,1,30011,LENTE MULTIFOCAL CR INCOLOR -IN,1,100.01,,
,48,2021-06-23,480001179,2,30011,LENTE MULTIFOCAL CR INCOLOR -IN,1,100.0,,
,48,2021-06-23,480001178,1,371467,BELLATIS REC MP3559 C2,1,149.99,,
,48,2021-06-22,480001177,2,30060,LENTE CR 1.61 AR PRONTA - IN,1,126.0,,
,48,2021-06-22,480001177,3,370439,FL REC PZ1912 C1,1,228.0,,
,48,2021-06-22,480001177,1,30060,LENTE CR 1.61 AR PRONTA - IN,1,126.0,,
X,48,2021-06-19,480001176,2,362221,LENTE CR LED BLUE PRONTA,1,250.0,,
X,48,2021-06-19,480001176,1,362221,LENTE CR LED BLUE PRONTA,1,250.0,,
X,48,2021-06-19,480001175,1,362221,LENTE CR LED BLUE PRONTA,1,124.75,,
X,48,2021-06-19,480001175,3,372151,BELLATIS REC SS1034 C1,1,250.5,,
X,48,2021-06-19,480001175,2,362221,LENTE CR LED BLUE PRONTA,1,124.75,,
,48,2021-06-18,480001174,1,30082,LENTE BALUX CR INCOLOR - IN,1,124.44,,
,48,2021-06-18,480001174,2,30082,LENTE BALUX CR INCOLOR - IN,1,124.45,,
,48,2021-06-18,480001174,3,367663,BELLATIS REC YF1036 C1,1,311.11,,
X,48,2021-06-18,480001173,2,30214,LENTE CR AR 1.56 CIL ACIMA DE 200,1,112.25,,
X,48,2021-06-18,480001173,1,369273,BELLATIS REC TW6090 C14,1,280.62,,
X,48,2021-06-18,480001173,3,30050,LENTE CR INCOLOR PRONTA - IN,1,56.13,,
,48,2021-06-18,480001172,3,368681,LENTE ULTRAX AQUA PRONTA,1,132.69,,
,48,2021-06-18,480001172,2,368681,LENTE ULTRAX AQUA PRONTA,1,132.69,,
,48,2021-06-18,480001172,1,371033,ARM REC RUN 9150 C9,1,304.62,,
,48,2021-06-18,480001171,2,371455,FL REC F820615 C1,1,200.52,,
,48,2021-06-18,480001171,1,30009,LENTE MULTIFOCAL CR FOTO - FT,1,199.74,,
,48,2021-06-18,480001171,3,30009,LENTE MULTIFOCAL CR FOTO - FT,1,200.24,,
,48,2021-06-18,480001170,1,364762,"LENTE MULTIFOCAL FOTO AR PRONTA ATÉ+3,00 ESF",1,219.0,,
,48,2021-06-18,480001170,2,364762,"LENTE MULTIFOCAL FOTO AR PRONTA ATÉ+3,00 ESF",1,219.0,,
,48,2021-06-18,480001170,3,367665,BELLATIS REC TW6069 C3,1,252.0,,
,48,2021-06-18,480001169,3,30399,LENTE MULTIFOCAL CR INCOLOR - IN,1,35.0,,
,48,2021-06-18,480001169,4,30399,LENTE MULTIFOCAL CR INCOLOR - IN,1,135.0,,
,48,2021-06-18,480001169,1,30399,LENTE MULTIFOCAL CR INCOLOR - IN,1,125.0,,
,48,2021-06-18,480001169,2,30399,LENTE MULTIFOCAL CR INCOLOR - IN,1,25.0,,
,48,2021-06-17,480001168,2,30399,LENTE MULTIFOCAL CR INCOLOR - IN,1,120.0,,
,48,2021-06-17,480001168,1,30399,LENTE MULTIFOCAL CR INCOLOR - IN,1,120.0,,
,48,2021-06-17,480001167,1,359199,LENTE AMPLUS 1.50 HARD,1,299.5,,
,48,2021-06-17,480001167,2,359199,LENTE AMPLUS 1.50 HARD,1,299.5,,
,48,2021-06-17,480001166,2,40004,LENTE MULTIFOCAL CR FOTO ANT-REFLEXO - FT,1,398.0,,
,48,2021-06-17,480001166,1,40004,LENTE MULTIFOCAL CR FOTO ANT-REFLEXO - FT,1,398.0,,
,48,2021-06-16,480001165,1,360598,LENTE ARGOS TRIVEX SENSITY  C.EXTRA,1,549.75,,
,48,2021-06-16,480001165,2,360598,LENTE ARGOS TRIVEX SENSITY  C.EXTRA,1,899.75,,
X,48,2021-06-15,480001164,1,364762,"LENTE MULTIFOCAL FOTO AR PRONTA ATÉ+3,00 ESF",1,225.0,,
X,48,2021-06-15,480001164,2,364762,"LENTE MULTIFOCAL FOTO AR PRONTA ATÉ+3,00 ESF",1,225.0,,
X,48,2021-06-15,480001163,1,362221,LENTE CR LED BLUE PRONTA,1,124.5,,
X,48,2021-06-15,480001163,2,371716,URBAN REC PROMO SG,1,49.99,,
X,48,2021-06-15,480001163,3,362221,LENTE CR LED BLUE PRONTA,1,125.51,,
,48,2021-06-15,480001162,2,369281,BELLATIS REC YF8038 C1,1,149.99,,
,48,2021-06-15,480001162,3,362221,LENTE CR LED BLUE PRONTA,1,125.01,,
,48,2021-06-15,480001162,1,362221,LENTE CR LED BLUE PRONTA,1,124.5,,
,48,2021-06-15,480001161,1,30227,LENTE MULTIFOCAL INCOLOR C/AR PRONTA - IN,1,140.2,,
,48,2021-06-15,480001161,2,371527,REC RUN 8220 C2,1,269.6,,
,48,2021-06-15,480001161,3,30227,LENTE MULTIFOCAL INCOLOR C/AR PRONTA - IN,1,130.0,,
,48,2021-06-15,480001160,1,30399,LENTE MULTIFOCAL CR INCOLOR - IN,1,107.14,,
,48,2021-06-15,480001160,3,372072,URBAN REC TB069 C1,1,85.71,,
,48,2021-06-15,480001160,2,30399,LENTE MULTIFOCAL CR INCOLOR - IN,1,107.15,,
,48,2021-06-15,480001159,1,364762,"LENTE MULTIFOCAL FOTO AR PRONTA ATÉ+3,00 ESF",1,219.0,,
,48,2021-06-15,480001159,2,364762,"LENTE MULTIFOCAL FOTO AR PRONTA ATÉ+3,00 ESF",1,219.0,,
,48,2021-06-14,480001158,2,40004,LENTE MULTIFOCAL CR FOTO ANT-REFLEXO - FT,1,319.0,,
,48,2021-06-14,480001158,1,40004,LENTE MULTIFOCAL CR FOTO ANT-REFLEXO - FT,1,319.0,,
,48,2021-06-14,480001157,1,362922,BELLATIS REC MJ3527 C2,1,149.99,,
,48,2021-06-14,480001156,2,30056,"LENTE CR AR PRONTA 0,00 ATÉ 4,00 ESF CIL ATÉ 2,00",1,69.91,,
,48,2021-06-14,480001156,1,30056,"LENTE CR AR PRONTA 0,00 ATÉ 4,00 ESF CIL ATÉ 2,00",1,69.92,,
,48,2021-06-14,480001155,1,372766,ARM REC OL ZF8813 PRETO,1,162.5,,
X,48,2021-06-12,480001154,1,30011,LENTE MULTIFOCAL CR INCOLOR -IN,1,125.0,,
X,48,2021-06-12,480001154,3,366963,BELLATIS REC MJ4266 C3,1,299.99,,
X,48,2021-06-12,480001154,2,30011,LENTE MULTIFOCAL CR INCOLOR -IN,1,125.0,,
,48,2021-06-12,480001153,1,365217,LENTE TRANSITIONS COM AR - ESTOQUE,1,267.0,,
,48,2021-06-12,480001153,2,365217,LENTE TRANSITIONS COM AR - ESTOQUE,1,267.0,,
,48,2021-06-12,480001152,2,372231,OL KIDS 6650 C3,1,133.63,,
,48,2021-06-12,480001152,1,371048,REC BELLATIS GI802 C2,1,266.37,,
,48,2021-06-12,480001151,1,30227,LENTE MULTIFOCAL INCOLOR C/AR PRONTA - IN,1,158.54,,
,48,2021-06-12,480001151,2,30227,LENTE MULTIFOCAL INCOLOR C/AR PRONTA - IN,1,158.54,,
,48,2021-06-12,480001151,3,371489,ARM REC URBAN  MMJMB1718P C3,1,182.92,,
,48,2021-06-12,480001150,2,30056,"LENTE CR AR PRONTA 0,00 ATÉ 4,00 ESF CIL ATÉ 2,00",1,83.78,,
,48,2021-06-12,480001150,1,30056,"LENTE CR AR PRONTA 0,00 ATÉ 4,00 ESF CIL ATÉ 2,00",1,83.78,,
,48,2021-06-12,480001150,3,368281,URBAN REC YY88014 C4,1,112.44,,
,48,2021-06-12,480001149,1,364762,"LENTE MULTIFOCAL FOTO AR PRONTA ATÉ+3,00 ESF",1,260.52,,
,48,2021-06-12,480001149,2,364762,"LENTE MULTIFOCAL FOTO AR PRONTA ATÉ+3,00 ESF",1,260.52,,
,48,2021-06-12,480001149,3,371333,URBAN REC FL138 C2,1,118.95,,
,48,2021-06-12,480001148,2,30227,LENTE MULTIFOCAL INCOLOR C/AR PRONTA - IN,1,127.45,,
,48,2021-06-12,480001148,3,368564,BELLATIS SOL LL5058 C1,1,98.03,,
,48,2021-06-12,480001148,5,30221,LENTE CR INCOLOR PRONTA-COLORAÇÃO,1,73.52,,
,48,2021-06-12,480001148,1,30227,LENTE MULTIFOCAL INCOLOR C/AR PRONTA - IN,1,127.47,,
,48,2021-06-12,480001148,4,30221,LENTE CR INCOLOR PRONTA-COLORAÇÃO,1,73.52,,
X,48,2021-06-12,480001147,3,356154,LENTE VX COMFORT SHORT ORMA TRANS ESTOQUE,1,430.71,,
X,48,2021-06-12,480001147,2,356154,LENTE VX COMFORT SHORT ORMA TRANS ESTOQUE,1,430.71,,
X,48,2021-06-12,480001147,1,372171,ARM RUN TB097 C3,1,272.58,,
,48,2021-06-12,480001146,2,30058,LENTE POLI 1.59 AR PRONTA - IN,1,145.0,,
,48,2021-06-12,480001146,1,30058,LENTE POLI 1.59 AR PRONTA - IN,1,145.0,,
,48,2021-06-12,480001145,2,356152,LENTE VX COMFORT ORMA TRANS ESTOQUE,1,425.0,,
,48,2021-06-12,480001145,1,356152,LENTE VX COMFORT ORMA TRANS ESTOQUE,1,425.0,,
,48,2021-06-12,480001144,4,371455,FL REC F820615 C1,1,222.35,,
,48,2021-06-12,480001144,1,30227,LENTE MULTIFOCAL INCOLOR C/AR PRONTA - IN,1,115.63,,
,48,2021-06-12,480001144,3,366944,BELLATIS REC MJ4143 C1,1,266.81,,
,48,2021-06-12,480001144,6,364762,"LENTE MULTIFOCAL FOTO AR PRONTA ATÉ+3,00 ESF",1,194.79,,
,48,2021-06-12,480001144,5,364762,"LENTE MULTIFOCAL FOTO AR PRONTA ATÉ+3,00 ESF",1,194.79,,
,48,2021-06-12,480001144,2,30227,LENTE MULTIFOCAL INCOLOR C/AR PRONTA - IN,1,115.63,,
,48,2021-06-12,480001143,2,30240,LENTE FOTOSSENSIVEL AR PRONTA - CIN,1,145.0,,
,48,2021-06-12,480001143,1,30240,LENTE FOTOSSENSIVEL AR PRONTA - CIN,1,145.0,,
,48,2021-06-12,480001142,2,356154,LENTE VX COMFORT SHORT ORMA TRANS ESTOQUE,1,700.66,,
,48,2021-06-12,480001142,1,361971,FL REC H08 C3,1,88.68,,
,48,2021-06-12,480001142,3,356154,LENTE VX COMFORT SHORT ORMA TRANS ESTOQUE,1,700.66,,
,48,2021-06-11,480001141,1,30058,LENTE POLI 1.59 AR PRONTA - IN,1,125.0,,
,48,2021-06-11,480001141,2,30058,LENTE POLI 1.59 AR PRONTA - IN,1,125.0,,
,48,2021-06-11,480001140,1,30399,LENTE MULTIFOCAL CR INCOLOR - IN,1,125.0,,
,48,2021-06-11,480001140,2,372258,FL REC GX498-1 C8,1,162.5,,
,48,2021-06-11,480001140,3,30399,LENTE MULTIFOCAL CR INCOLOR - IN,1,112.5,,
,48,2021-06-11,480001139,1,30056,"LENTE CR AR PRONTA 0,00 ATÉ 4,00 ESF CIL ATÉ 2,00",1,74.5,,
,48,2021-06-11,480001139,2,30056,"LENTE CR AR PRONTA 0,00 ATÉ 4,00 ESF CIL ATÉ 2,00",1,75.5,,
,48,2021-06-11,480001138,2,30056,"LENTE CR AR PRONTA 0,00 ATÉ 4,00 ESF CIL ATÉ 2,00",1,75.5,,
,48,2021-06-11,480001138,1,30056,"LENTE CR AR PRONTA 0,00 ATÉ 4,00 ESF CIL ATÉ 2,00",1,74.5,,
,48,2021-06-11,480001137,2,30056,"LENTE CR AR PRONTA 0,00 ATÉ 4,00 ESF CIL ATÉ 2,00",1,74.5,,
,48,2021-06-11,480001137,1,30056,"LENTE CR AR PRONTA 0,00 ATÉ 4,00 ESF CIL ATÉ 2,00",1,74.5,,
,48,2021-06-11,480001137,3,372212,URBAN REC FL127 C4,1,100.0,,
,48,2021-06-11,480001136,1,30056,"LENTE CR AR PRONTA 0,00 ATÉ 4,00 ESF CIL ATÉ 2,00",1,74.5,,
,48,2021-06-11,480001136,3,371438,FL REC TD003 C2,1,250.0,,
,48,2021-06-11,480001136,2,30056,"LENTE CR AR PRONTA 0,00 ATÉ 4,00 ESF CIL ATÉ 2,00",1,74.5,,
,48,2021-06-11,480001135,1,370902,ARM REC FL MP3945 C2,1,298.99,,
,48,2021-06-10,480001134,1,372041,URBAN REC PROMO SG,1,92.0,,
,48,2021-06-09,480001133,1,372024,SOL FL MJ3401 C2,1,298.99,,
,48,2021-06-08,480001132,1,30399,LENTE MULTIFOCAL CR INCOLOR - IN,1,125.0,,
,48,2021-06-08,480001132,2,30399,LENTE MULTIFOCAL CR INCOLOR - IN,1,125.0,,
,48,2021-06-08,480001131,2,370224,ARM REC FL MB4431 C3 53,1,295.0,,
,48,2021-06-08,480001131,1,362221,LENTE CR LED BLUE PRONTA,1,124.5,,
,48,2021-06-08,480001131,3,362221,LENTE CR LED BLUE PRONTA,1,124.51,,
,48,2021-06-08,480001130,3,30240,LENTE FOTOSSENSIVEL AR PRONTA - CIN,1,109.0,,
,48,2021-06-08,480001130,1,367222,ARM REC FL FH8011 C4,1,200.0,,
,48,2021-06-08,480001130,2,30240,LENTE FOTOSSENSIVEL AR PRONTA - CIN,1,245.0,,
,48,2021-06-08,480001129,1,372219,URBAN REC FL134 C2,1,85.71,,
,48,2021-06-08,480001129,2,30399,LENTE MULTIFOCAL CR INCOLOR - IN,1,107.14,,
,48,2021-06-08,480001129,3,30399,LENTE MULTIFOCAL CR INCOLOR - IN,1,107.15,,
,48,2021-06-08,480001128,3,371716,URBAN REC PROMO SG,1,57.78,,
,48,2021-06-08,480001128,1,30056,"LENTE CR AR PRONTA 0,00 ATÉ 4,00 ESF CIL ATÉ 2,00",1,86.11,,
,48,2021-06-08,480001128,2,30056,"LENTE CR AR PRONTA 0,00 ATÉ 4,00 ESF CIL ATÉ 2,00",1,86.11,,
,48,2021-06-07,480001127,1,30214,"LENTE CR AR 1.56 CIL ACIMA DE 200 ATE -5,00",1,86.33,,
,48,2021-06-07,480001127,3,30214,"LENTE CR AR 1.56 CIL ACIMA DE 200 ATE -5,00",1,76.34,,
,48,2021-06-07,480001127,2,362639,COCA COLA 4202 C3N0F T52-17,1,86.33,,
,48,2021-06-07,480001126,1,371476,BELLATIS REC MP3425 C2,1,196.0,,
,48,2021-06-07,480001125,1,371046,REC BELLATIS GI802 C5,1,275.09,,
,48,2021-06-07,480001124,1,30240,LENTE FOTOSSENSIVEL AR PRONTA - CIN,1,107.99,,
,48,2021-06-05,480001123,1,371979,BELLATIS REC MB3696 C3,1,162.5,,
,48,2021-06-05,480001123,2,30009,LENTE MULTIFOCAL CR FOTO - FT,1,199.2,,
,48,2021-06-05,480001123,3,30009,LENTE MULTIFOCAL CR FOTO - FT,1,199.2,,
,48,2021-06-05,480001122,2,30399,LENTE MULTIFOCAL CR INCOLOR - IN,1,90.85,,
,48,2021-06-05,480001122,3,30399,LENTE MULTIFOCAL CR INCOLOR - IN,1,90.85,,
,48,2021-06-05,480001122,1,371047,REC BELLATIS GI801 C1,1,217.3,,
,48,2021-06-05,480001121,2,30003,LENTE CR INC SURFAÇADA - IN,1,100.0,,
,48,2021-06-05,480001121,4,370247,SOL FL MJ3400 C2,1,299.0,,
,48,2021-06-05,480001121,1,30003,LENTE CR INC SURFAÇADA - IN,1,100.0,,
,48,2021-06-05,480001121,3,361894,COLORAÇÃO TOTAL,1,50.0,,
,48,2021-06-05,480001120,3,369307,BELLATIS REC 8640 C2,1,250.0,,
,48,2021-06-05,480001120,2,364762,"LENTE MULTIFOCAL FOTO AR PRONTA ATÉ+3,00 ESF",1,219.0,,
,48,2021-06-05,480001120,1,364762,"LENTE MULTIFOCAL FOTO AR PRONTA ATÉ+3,00 ESF",1,219.0,,
,48,2021-06-05,480001119,3,40004,LENTE MULTIFOCAL CR FOTO ANT-REFLEXO - FT,1,451.35,,
,48,2021-06-05,480001119,1,40004,LENTE MULTIFOCAL CR FOTO ANT-REFLEXO - FT,1,334.52,,
,48,2021-06-05,480001119,2,370990,ARM REC RUN TB110 C2,1,210.13,,
,48,2021-06-05,480001118,1,30240,LENTE FOTOSSENSIVEL AR PRONTA - CIN,1,99.0,,
,48,2021-06-05,480001118,3,371528,REC RUN 9180 C3,1,250.0,,
,48,2021-06-05,480001118,2,30240,LENTE FOTOSSENSIVEL AR PRONTA - CIN,1,99.0,,
,48,2021-06-05,480001117,1,364762,"LENTE MULTIFOCAL FOTO AR PRONTA ATÉ+3,00 ESF",1,219.0,,
,48,2021-06-05,480001117,2,369302,BELLATIS REC 843 C3,1,249.99,,
,48,2021-06-05,480001117,3,364762,"LENTE MULTIFOCAL FOTO AR PRONTA ATÉ+3,00 ESF",1,219.01,,
,48,2021-06-05,480001116,1,371027,BELLATIS REC P29G38 VERMELHO,1,175.34,,
,48,2021-06-05,480001116,2,362221,LENTE CR LED BLUE PRONTA,1,87.33,,
,48,2021-06-05,480001116,3,362221,LENTE CR LED BLUE PRONTA,1,87.33,,
,48,2021-06-05,480001115,1,362872,FL REC MC3498 C1,1,120.96,,
,48,2021-06-05,480001115,3,40006,LENTE MULTIFOCAL CR INCOLOR ANT-REFLEXO - I,1,189.52,,
,48,2021-06-05,480001115,2,40006,LENTE MULTIFOCAL CR INCOLOR ANT-REFLEXO - I,1,189.52,,
,48,2021-06-04,480001114,2,362221,LENTE CR LED BLUE PRONTA,1,103.45,,
,48,2021-06-04,480001114,1,372075,URBAN REC FL317 C2,1,83.09,,
,48,2021-06-04,480001114,3,362221,LENTE CR LED BLUE PRONTA,1,103.46,,
,48,2021-06-04,480001113,1,362132,LENTE INTERVIEW CR SURF TRAT AR,1,180.0,,
,48,2021-06-04,480001113,2,362132,LENTE INTERVIEW CR SURF TRAT AR,1,180.0,,
,48,2021-06-04,480001112,3,372221,URBAN REC FK616 C4,1,50.08,,
,48,2021-06-04,480001112,1,356288,LENTE AMPLUS 1.50 CLEAN EXTRA-INC,1,309.96,,
,48,2021-06-04,480001112,2,356288,LENTE AMPLUS 1.50 CLEAN EXTRA-INC,1,309.96,,
,48,2021-06-04,480001111,1,370978,URBAN REC FK005 C4,1,112.44,,
,48,2021-06-04,480001111,3,30056,"LENTE CR AR PRONTA 0,00 ATÉ 4,00 ESF CIL ATÉ 2,00",1,83.78,,
,48,2021-06-04,480001111,2,30056,"LENTE CR AR PRONTA 0,00 ATÉ 4,00 ESF CIL ATÉ 2,00",1,83.78,,
,48,2021-06-04,480001110,3,369206,"LENTE POLI FOTO AR PRONTA ESF+4,00 A-4,00 ESF CIL2",1,267.7,,
,48,2021-06-04,480001110,2,369206,"LENTE POLI FOTO AR PRONTA ESF+4,00 A-4,00 ESF CIL2",1,267.7,,
,48,2021-06-04,480001110,1,367637,BERYL REC MJ4006T C1,1,160.6,,
,48,2021-06-04,480001109,1,371716,URBAN REC PROMO SG,1,49.99,,
,48,2021-06-04,480001108,2,30399,LENTE MULTIFOCAL CR INCOLOR - IN,1,123.03,,
,48,2021-06-04,480001108,3,30399,LENTE MULTIFOCAL CR INCOLOR - IN,1,123.03,,
,48,2021-06-04,480001108,1,367000,ARM REC FL MB3410 C1,1,191.94,,
,48,2021-06-02,480001107,2,30056,"LENTE CR AR PRONTA 0,00 ATÉ 4,00 ESF CIL ATÉ 2,00",1,83.63,,
,48,2021-06-02,480001107,3,371342,URBAN REC FL311 C3,1,112.24,,
,48,2021-06-02,480001107,1,30056,"LENTE CR AR PRONTA 0,00 ATÉ 4,00 ESF CIL ATÉ 2,00",1,83.63,,
,48,2021-06-02,480001106,2,30056,"LENTE CR AR PRONTA 0,00 ATÉ 4,00 ESF CIL ATÉ 2,00",1,83.63,,
,48,2021-06-02,480001106,1,30056,"LENTE CR AR PRONTA 0,00 ATÉ 4,00 ESF CIL ATÉ 2,00",1,83.63,,
,48,2021-06-02,480001106,3,372218,URBAN REC FL134 C5,1,112.24,,
,48,2021-06-02,480001105,1,361846,LENTE MULTIFOCAL C.O PRO HD ANT-REFLEXO,1,125.51,,
,48,2021-06-02,480001105,3,371348,URBAN REC FL120 C1,1,38.98,,
,48,2021-06-02,480001105,2,361846,LENTE MULTIFOCAL C.O PRO HD ANT-REFLEXO,1,125.51,,
,48,2021-06-02,480001104,1,371005,BELLATIS REC TR7803 C7,1,238.1,,
,48,2021-06-02,480001104,3,30056,"LENTE CR AR PRONTA 0,00 ATÉ 4,00 ESF CIL ATÉ 2,00",1,70.95,,
,48,2021-06-02,480001104,2,30056,"LENTE CR AR PRONTA 0,00 ATÉ 4,00 ESF CIL ATÉ 2,00",1,70.95,,
,48,2021-06-02,480001103,1,361846,LENTE MULTIFOCAL C.O PRO HD ANT-REFLEXO,1,187.26,,
,48,2021-06-02,480001103,2,361846,LENTE MULTIFOCAL C.O PRO HD ANT-REFLEXO,1,187.27,,
,48,2021-06-02,480001103,3,364822,BELLATIS REC MT3715 C1,1,174.47,,
X,48,2021-06-02,480001102,2,360262,LENTE MULTIFOCAL C.O PRO HD,1,99.5,,
X,48,2021-06-02,480001102,1,360262,LENTE MULTIFOCAL C.O PRO HD,1,99.5,,
X,48,2021-06-02,480001101,3,368297,BELLATIS REC MJ3528 C3,1,212.64,,
X,48,2021-06-02,480001101,2,360262,LENTE MULTIFOCAL C.O PRO HD,1,138.68,,
X,48,2021-06-02,480001101,1,360262,LENTE MULTIFOCAL C.O PRO HD,1,138.68,,
,48,2021-06-02,480001100,2,30056,"LENTE CR AR PRONTA 0,00 ATÉ 4,00 ESF CIL ATÉ 2,00",1,69.0,,
,48,2021-06-02,480001100,1,30056,"LENTE CR AR PRONTA 0,00 ATÉ 4,00 ESF CIL ATÉ 2,00",1,69.0,,
,48,2021-06-02,480001099,1,40006,LENTE MULTIFOCAL CR INCOLOR ANT-REFLEXO - I,1,178.89,,
,48,2021-06-02,480001099,2,40006,LENTE MULTIFOCAL CR INCOLOR ANT-REFLEXO - I,1,178.89,,
,48,2021-06-02,480001098,1,360262,LENTE MULTIFOCAL C.O PRO HD,1,100.19,,
,48,2021-06-02,480001098,3,368348,BELLATIS REC MT3343 C5,1,153.62,,
,48,2021-06-02,480001098,2,360262,LENTE MULTIFOCAL C.O PRO HD,1,100.19,,
X,48,2021-06-02,480001097,1,30056,"LENTE CR AR PRONTA 0,00 ATÉ 4,00 ESF CIL ATÉ 2,00",1,65.35,,
X,48,2021-06-02,480001097,3,372187,BELLATIS REC FK004 C5,1,219.3,,
X,48,2021-06-02,480001097,2,30056,"LENTE CR AR PRONTA 0,00 ATÉ 4,00 ESF CIL ATÉ 2,00",1,65.35,,
,48,2021-06-02,480001096,4,40004,LENTE MULTIFOCAL CR FOTO ANT-REFLEXO - FT,1,147.09,,
,48,2021-06-02,480001096,1,30011,LENTE MULTIFOCAL CR INCOLOR -IN,1,125.0,,
,48,2021-06-02,480001096,3,40004,LENTE MULTIFOCAL CR FOTO ANT-REFLEXO - FT,1,147.09,,
,48,2021-06-02,480001096,2,30011,LENTE MULTIFOCAL CR INCOLOR -IN,1,125.0,,
,42,2021-06-30,420003487,3,366190,LENTE CR INCOLOR FOSCA,1,41.59,,
,42,2021-06-30,420003487,5,362221,LENTE CR LED BLUE PRONTA,1,129.44,,
,42,2021-06-30,420003487,1,373501,BELLATIS REC FY108 C3,1,207.94,,
,42,2021-06-30,420003487,2,366190,LENTE CR INCOLOR FOSCA,1,41.59,,
,42,2021-06-30,420003487,4,362221,LENTE CR LED BLUE PRONTA,1,129.44,,
,42,2021-06-30,420003486,2,370609,LENTE CR 1.67 ANTIBLUE PRONTA,1,527.06,,
,42,2021-06-30,420003486,3,370609,LENTE CR 1.67 ANTIBLUE PRONTA,1,527.06,,
,42,2021-06-30,420003486,1,372051,RAY BAN REC RX7185L 8083  52,1,545.88,,
,42,2021-06-30,420003485,3,30227,LENTE MULTIFOCAL INCOLOR C/AR PRONTA - IN,1,162.5,,
,42,2021-06-30,420003485,2,30227,LENTE MULTIFOCAL INCOLOR C/AR PRONTA - IN,1,162.5,,
,42,2021-06-30,420003485,1,372841,URBAN REC JL302 C2,1,125.0,,
,42,2021-06-30,420003484,2,366190,LENTE CR INCOLOR FOSCA,1,45.95,,
,42,2021-06-30,420003484,3,366190,LENTE CR INCOLOR FOSCA,1,45.95,,
,42,2021-06-30,420003484,5,30227,LENTE MULTIFOCAL INCOLOR C/AR PRONTA - IN,1,156.62,,
,42,2021-06-30,420003484,1,372795,URBAN REC JL318 C5,1,114.86,,
,42,2021-06-30,420003484,4,30227,LENTE MULTIFOCAL INCOLOR C/AR PRONTA - IN,1,156.62,,
,42,2021-06-29,420003483,2,366190,LENTE CR INCOLOR FOSCA,1,19.0,,
,42,2021-06-29,420003483,1,366190,LENTE CR INCOLOR FOSCA,1,19.0,,
,42,2021-06-29,420003483,3,373479,BELLATIS REC SL2090 C2,1,142.0,,
,42,2021-06-29,420003482,2,362221,LENTE CR LED BLUE PRONTA,1,131.98,,
,42,2021-06-29,420003482,4,373593,ARMAÇÃO SOLAR (BRINDE),1,0.01,,
,42,2021-06-29,420003482,1,362221,LENTE CR LED BLUE PRONTA,1,131.98,,
,42,2021-06-29,420003482,3,373353,EVOKE EVK RX28T 09A,1,636.03,,
,42,2021-06-29,420003481,1,30050,LENTE CR INCOLOR PRONTA - IN,1,50.0,,
,42,2021-06-29,420003481,2,30050,LENTE CR INCOLOR PRONTA - IN,1,50.0,,
,42,2021-06-29,420003480,4,373593,ARMAÇÃO SOLAR (BRINDE),1,0.01,,
,42,2021-06-29,420003480,3,30227,LENTE MULTIFOCAL INCOLOR C/AR PRONTA - IN,1,162.79,,
,42,2021-06-29,420003480,2,30227,LENTE MULTIFOCAL INCOLOR C/AR PRONTA - IN,1,162.79,,
,42,2021-06-29,420003480,1,373469,BELLATIS REC 68207 C8,1,374.4,,
,42,2021-06-29,420003480,5,373593,ARMAÇÃO SOLAR (BRINDE),1,0.01,,
,42,2021-06-29,420003479,2,2,LENTE CR INC SURFAÇADA ANTIREFLEXO - IN,1,255.0,,
,42,2021-06-29,420003479,1,2,LENTE CR INC SURFAÇADA ANTIREFLEXO - IN,1,255.0,,
,42,2021-06-29,420003478,4,373593,ARMAÇÃO SOLAR (BRINDE),1,0.01,,
,42,2021-06-29,420003478,2,30011,LENTE MULTIFOCAL CR INCOLOR -IN,1,175.71,,
,42,2021-06-29,420003478,3,372840,URBAN REC JL302 C1,1,140.56,,
,42,2021-06-29,420003478,1,30011,LENTE MULTIFOCAL CR INCOLOR -IN,1,175.72,,
,42,2021-06-29,420003477,2,52323,LENTE CR 1.49 AR ESPECIAL - IN,1,84.02,,
,42,2021-06-29,420003477,3,373530,REC RUN SL1005 C01,1,281.95,,
,42,2021-06-29,420003477,1,52323,LENTE CR 1.49 AR ESPECIAL - IN,1,84.03,,
,42,2021-06-29,420003476,2,356152,LENTE VX COMFORT ORMA TRANS ESTOQUE,1,411.65,,
,42,2021-06-29,420003476,1,356152,LENTE VX COMFORT ORMA TRANS ESTOQUE,1,411.64,,
,42,2021-06-29,420003476,3,372773,ARM REC OL SL5401 C5,1,345.91,,
,42,2021-06-29,420003475,1,373581,REC FL VS1019 C4,1,277.78,,
,42,2021-06-29,420003475,2,30011,LENTE MULTIFOCAL CR INCOLOR -IN,1,138.89,,
,42,2021-06-29,420003475,5,30227,LENTE MULTIFOCAL INCOLOR C/AR PRONTA - IN,1,144.44,,
,42,2021-06-29,420003475,3,30011,LENTE MULTIFOCAL CR INCOLOR -IN,1,138.89,,
,42,2021-06-29,420003475,6,373588,BELLATIS REC XY8002 C1,1,55.54,,
,42,2021-06-29,420003475,7,373593,ARMAÇÃO SOLAR (BRINDE),1,0.01,,
,42,2021-06-29,420003475,4,30227,LENTE MULTIFOCAL INCOLOR C/AR PRONTA - IN,1,144.44,,
,42,2021-06-29,420003475,8,373593,ARMAÇÃO SOLAR (BRINDE),1,0.01,,
,42,2021-06-29,420003474,3,30227,LENTE MULTIFOCAL INCOLOR C/AR PRONTA - IN,1,169.73,,
,42,2021-06-29,420003474,1,372798,URBAN REC JL321 C1,1,130.54,,
,42,2021-06-29,420003474,2,30227,LENTE MULTIFOCAL INCOLOR C/AR PRONTA - IN,1,169.73,,
,42,2021-06-28,420003473,2,365216,LENTE TRANSITIONS PRONTA - ESTOQUE,1,107.97,,
,42,2021-06-28,420003473,1,373337,REC BULGET BG7048 H03,1,434.06,,
,42,2021-06-28,420003473,3,365216,LENTE TRANSITIONS PRONTA - ESTOQUE,1,107.97,,
,42,2021-06-28,420003472,1,371947,LENTE HOYA VS PREMIUM 1.50 BLUECONTROL PRONTA,1,313.75,,
,42,2021-06-28,420003472,3,373349,EVOKE DX7 D01,1,472.5,,
,42,2021-06-28,420003472,2,371947,LENTE HOYA VS PREMIUM 1.50 BLUECONTROL PRONTA,1,313.75,,
,42,2021-06-28,420003471,3,373496,BELLATIS REC Z30103 C4,1,213.8,,
,42,2021-06-28,420003471,1,362221,LENTE CR LED BLUE PRONTA,1,133.1,,
,42,2021-06-28,420003471,2,362221,LENTE CR LED BLUE PRONTA,1,133.1,,
,42,2021-06-28,420003470,2,30399,LENTE MULTIFOCAL CR INCOLOR - IN,1,100.0,,
,42,2021-06-28,420003470,1,30399,LENTE MULTIFOCAL CR INCOLOR - IN,1,100.0,,
,42,2021-06-28,420003469,1,30009,LENTE MULTIFOCAL CR FOTO - FT,1,244.32,,
,42,2021-06-28,420003469,2,30009,LENTE MULTIFOCAL CR FOTO - FT,1,244.3,,
,42,2021-06-28,420003469,4,30011,LENTE MULTIFOCAL CR INCOLOR -IN,1,122.64,,
,42,2021-06-28,420003469,5,372812,URBAN REC JL307 C1,1,98.1,,
,42,2021-06-28,420003469,3,30011,LENTE MULTIFOCAL CR INCOLOR -IN,1,122.64,,
,42,2021-06-28,420003468,1,373574,REC FL 819 C2,1,149.99,,
,42,2021-06-28,420003468,2,373593,ARMAÇÃO SOLAR (BRINDE),1,0.01,,
,42,2021-06-26,420003467,6,30240,LENTE FOTOSSENSIVEL AR PRONTA - CIN,1,93.49,,
,42,2021-06-26,420003467,3,30056,"LENTE CR AR PRONTA 0,00 ATÉ 4,00 ESF CIL ATÉ 2,00",1,70.35,,
,42,2021-06-26,420003467,9,40006,LENTE MULTIFOCAL CR INCOLOR ANT-REFLEXO - I,1,221.92,,
,42,2021-06-26,420003467,1,372833,URBAN REC JL315 C1,1,94.42,,
,42,2021-06-26,420003467,4,372808,URBAN REC JL320 C4,1,94.42,,
,42,2021-06-26,420003467,5,30240,LENTE FOTOSSENSIVEL AR PRONTA - CIN,1,93.49,,
,42,2021-06-26,420003467,8,40006,LENTE MULTIFOCAL CR INCOLOR ANT-REFLEXO - I,1,221.92,,
,42,2021-06-26,420003467,2,30056,"LENTE CR AR PRONTA 0,00 ATÉ 4,00 ESF CIL ATÉ 2,00",1,70.35,,
,42,2021-06-26,420003467,7,373567,BELLATIS REC SL6854 C1,1,141.64,,
,42,2021-06-26,420003466,2,362221,LENTE CR LED BLUE PRONTA,1,124.88,,
,42,2021-06-26,420003466,4,366190,LENTE CR INCOLOR FOSCA,1,40.12,,
,42,2021-06-26,420003466,1,362221,LENTE CR LED BLUE PRONTA,1,124.88,,
,42,2021-06-26,420003466,3,366190,LENTE CR INCOLOR FOSCA,1,40.12,,
,42,2021-06-26,420003465,2,30050,LENTE CR INCOLOR PRONTA - IN,1,50.0,,
,42,2021-06-26,420003465,1,30050,LENTE CR INCOLOR PRONTA - IN,1,50.0,,
,42,2021-06-26,420003464,1,373565,BELLATIS REC SL6854 C4,1,149.99,,
,42,2021-06-26,420003463,5,30227,LENTE MULTIFOCAL INCOLOR C/AR PRONTA - IN,1,151.66,,
,42,2021-06-26,420003463,3,40207,LENTE VARILUX COMFORT ORMA TRANS CRIZAL FORTE,1,0.01,,
,42,2021-06-26,420003463,1,372799,URBAN REC JL321 C2,1,116.65,,
,42,2021-06-26,420003463,2,40207,LENTE VARILUX COMFORT ORMA TRANS CRIZAL FORTE,1,0.01,,
,42,2021-06-26,420003463,4,30227,LENTE MULTIFOCAL INCOLOR C/AR PRONTA - IN,1,151.66,,
,42,2021-06-26,420003463,6,373593,ARMAÇÃO SOLAR (BRINDE),1,0.01,,
,42,2021-06-26,420003462,1,10448,SOLDA COMUM,1,59.9,,
,42,2021-06-25,420003461,1,363310,LENTE FOTOSSENSIVEL AR PRONTA CIL ATÉ 4.00,1,192.75,,
,42,2021-06-25,420003461,8,366190,LENTE CR INCOLOR FOSCA,1,40.58,,
,42,2021-06-25,420003461,4,373588,BELLATIS REC XY8002 C1,1,50.72,,
,42,2021-06-25,420003461,6,366190,LENTE CR INCOLOR FOSCA,1,40.58,,
,42,2021-06-25,420003461,9,366190,LENTE CR INCOLOR FOSCA,1,40.58,,
,42,2021-06-25,420003461,3,372837,URBAN REC JL315 C5,1,101.44,,
,42,2021-06-25,420003461,2,363310,LENTE FOTOSSENSIVEL AR PRONTA CIL ATÉ 4.00,1,192.76,,
,42,2021-06-25,420003461,5,366190,LENTE CR INCOLOR FOSCA,1,40.58,,
,42,2021-06-25,420003461,7,373593,ARMAÇÃO SOLAR (BRINDE),1,0.01,,
,42,2021-06-25,420003460,1,30214,LENTE CR AR 1.56 CIL ACIMA DE 200,1,92.01,,
,42,2021-06-25,420003460,2,30214,LENTE CR AR 1.56 CIL ACIMA DE 200,1,92.0,,
,42,2021-06-25,420003460,3,373584,BELLATIS REC ZF8820 C1,1,45.99,,
,42,2021-06-25,420003459,1,361842,LIMPEZA COMPLETA COM AJUSTES,1,21.21,,
,42,2021-06-25,420003459,2,361829,PLAQUETA,1,13.79,,
,42,2021-06-25,420003458,1,373491,BELLATIS REC FY167 C3,1,214.28,,
,42,2021-06-25,420003458,3,366190,LENTE CR INCOLOR FOSCA,1,42.86,,
,42,2021-06-25,420003458,2,366190,LENTE CR INCOLOR FOSCA,1,42.86,,
,42,2021-06-25,420003457,1,372501,URBAN REC Y011 C-02,1,50.0,,
,42,2021-06-24,420003456,6,356979,LENTE VX PHYSIO 1.67 TRANS  ESTOQUE,1,633.03,,
,42,2021-06-24,420003456,2,366190,LENTE CR INCOLOR FOSCA,1,36.43,,
,42,2021-06-24,420003456,3,366190,LENTE CR INCOLOR FOSCA,1,36.43,,
,42,2021-06-24,420003456,5,356979,LENTE VX PHYSIO 1.67 TRANS  ESTOQUE,1,633.03,,
,42,2021-06-24,420003456,1,372804,URBAN REC JL321 C7,1,91.07,,
,42,2021-06-24,420003456,4,373593,ARMAÇÃO SOLAR (BRINDE),1,0.01,,
X,42,2021-06-24,420003455,1,373586,BELLATIS REC XY8002 C2,1,49.99,,
,42,2021-06-24,420003454,1,30240,LENTE FOTOSSENSIVEL AR PRONTA - CIN,1,116.28,,
,42,2021-06-24,420003454,2,30240,LENTE FOTOSSENSIVEL AR PRONTA - CIN,1,116.28,,
,42,2021-06-24,420003454,3,372805,URBAN REC JL320 C1,1,117.44,,
,42,2021-06-24,420003453,1,362221,LENTE CR LED BLUE PRONTA,1,150.0,,
,42,2021-06-24,420003453,2,362221,LENTE CR LED BLUE PRONTA,1,150.0,,
,42,2021-06-24,420003452,4,373593,ARMAÇÃO SOLAR (BRINDE),1,0.01,,
,42,2021-06-24,420003452,1,40004,LENTE MULTIFOCAL CR FOTO ANT-REFLEXO - FT,1,386.38,,
,42,2021-06-24,420003452,2,40004,LENTE MULTIFOCAL CR FOTO ANT-REFLEXO - FT,1,386.38,,
,42,2021-06-24,420003452,3,372812,URBAN REC JL307 C1,1,97.07,,
,42,2021-06-24,420003452,6,30003,LENTE CR INC SURFAÇADA - IN,1,97.08,,
,42,2021-06-24,420003452,5,30003,LENTE CR INC SURFAÇADA - IN,1,97.08,,
,42,2021-06-24,420003451,2,361230,LENTE MULTIFOCAL CR 167 ANTI REFLEXO,1,624.86,,
,42,2021-06-24,420003451,3,372792,URBAN REC JL318 C2,1,100.29,,
,42,2021-06-24,420003451,1,361230,LENTE MULTIFOCAL CR 167 ANTI REFLEXO,1,624.85,,
,42,2021-06-24,420003450,3,40006,LENTE MULTIFOCAL CR INCOLOR ANT-REFLEXO - I,1,246.93,,
,42,2021-06-24,420003450,1,373529,BELLATIS REC FY183 C8,1,210.13,,
,42,2021-06-24,420003450,2,373593,ARMAÇÃO SOLAR (BRINDE),1,0.01,,
,42,2021-06-24,420003450,4,40006,LENTE MULTIFOCAL CR INCOLOR ANT-REFLEXO - I,1,246.93,,
,42,2021-06-23,420003449,2,30047,LENTE POLI INCOLOR PRONTA ATE +400 ESF CIL ATE 2,1,55.53,,
,42,2021-06-23,420003449,3,30047,LENTE POLI INCOLOR PRONTA ATE +400 ESF CIL ATE 2,1,55.53,,
,42,2021-06-23,420003449,6,366190,LENTE CR INCOLOR FOSCA,1,37.02,,
,42,2021-06-23,420003449,9,30227,LENTE MULTIFOCAL INCOLOR C/AR PRONTA - IN,1,120.32,,
,42,2021-06-23,420003449,11,369947,FL REC 1166 PRETO,1,231.37,,
,42,2021-06-23,420003449,1,30047,LENTE POLI INCOLOR PRONTA ATE +400 ESF CIL ATE 2,1,55.53,,
,42,2021-06-23,420003449,5,366946,BELLATIS REC MB4217 C3,1,277.66,,
,42,2021-06-23,420003449,7,366190,LENTE CR INCOLOR FOSCA,1,37.02,,
,42,2021-06-23,420003449,8,367081,ARM SOL BELLATIS MP9117 593-121-C1,1,184.17,,
,42,2021-06-23,420003449,4,30047,LENTE POLI INCOLOR PRONTA ATE +400 ESF CIL ATE 2,1,55.53,,
,42,2021-06-23,420003449,10,30227,LENTE MULTIFOCAL INCOLOR C/AR PRONTA - IN,1,120.32,,
,42,2021-06-23,420003448,1,40006,LENTE MULTIFOCAL CR INCOLOR ANT-REFLEXO - I,1,242.42,,
,42,2021-06-23,420003448,3,372795,URBAN REC JL318 C5,1,103.15,,
,42,2021-06-23,420003448,2,40006,LENTE MULTIFOCAL CR INCOLOR ANT-REFLEXO - I,1,242.43,,
X,42,2021-06-23,420003447,1,10448,SOLDA COMUM,1,49.99,,
,42,2021-06-23,420003447,2,361829,PLAQUETA,1,13.79,,
,42,2021-06-23,420003447,3,361842,LIMPEZA COMPLETA COM AJUSTES,1,21.21,,
,42,2021-06-23,420003446,1,30011,LENTE MULTIFOCAL CR INCOLOR -IN,1,145.0,,
,42,2021-06-23,420003446,2,30011,LENTE MULTIFOCAL CR INCOLOR -IN,1,145.0,,
,42,2021-06-23,420003445,4,366190,LENTE CR INCOLOR FOSCA,1,28.45,,
,42,2021-06-23,420003445,1,371947,LENTE HOYA VS PREMIUM 1.50 BLUECONTROL PRONTA,1,236.1,,
,42,2021-06-23,420003445,3,368374,ARM SOL FL MT2214 C2,1,120.89,,
,42,2021-06-23,420003445,2,371947,LENTE HOYA VS PREMIUM 1.50 BLUECONTROL PRONTA,1,236.11,,
,42,2021-06-23,420003445,5,366190,LENTE CR INCOLOR FOSCA,1,28.45,,
,42,2021-06-22,420003444,3,372801,URBAN REC JL321 C4,1,124.99,,
,42,2021-06-22,420003444,1,30227,LENTE MULTIFOCAL INCOLOR C/AR PRONTA - IN,1,162.51,,
,42,2021-06-22,420003444,2,30227,LENTE MULTIFOCAL INCOLOR C/AR PRONTA - IN,1,162.5,,
,42,2021-06-22,420003443,1,30399,LENTE MULTIFOCAL CR INCOLOR - IN,1,128.53,,
,42,2021-06-22,420003443,2,30399,LENTE MULTIFOCAL CR INCOLOR - IN,1,128.52,,
,42,2021-06-22,420003443,4,30227,LENTE MULTIFOCAL INCOLOR C/AR PRONTA - IN,1,133.66,,
,42,2021-06-22,420003443,5,30227,LENTE MULTIFOCAL INCOLOR C/AR PRONTA - IN,1,133.66,,
,42,2021-06-22,420003443,3,371770,REC BELLATIS SL2018 C1,1,205.63,,
,42,2021-06-22,420003442,2,30227,LENTE MULTIFOCAL INCOLOR C/AR PRONTA - IN,1,180.56,,
,42,2021-06-22,420003442,1,372794,URBAN REC JL318 C4,1,138.88,,
,42,2021-06-22,420003442,3,30227,LENTE MULTIFOCAL INCOLOR C/AR PRONTA - IN,1,180.56,,
,42,2021-06-22,420003441,1,372795,URBAN REC JL318 C5,1,131.04,,
,42,2021-06-22,420003441,3,364762,"LENTE MULTIFOCAL FOTO AR PRONTA ATÉ+3,00 ESF",1,286.98,,
,42,2021-06-22,420003441,2,364762,"LENTE MULTIFOCAL FOTO AR PRONTA ATÉ+3,00 ESF",1,286.98,,
,42,2021-06-22,420003440,2,363310,LENTE FOTOSSENSIVEL AR PRONTA CIL ATÉ 4.00,1,197.92,,
,42,2021-06-22,420003440,3,368233,URBAN REC 8074 C4,1,104.16,,
,42,2021-06-22,420003440,1,363310,LENTE FOTOSSENSIVEL AR PRONTA CIL ATÉ 4.00,1,197.92,,
,42,2021-06-22,420003439,2,30227,LENTE MULTIFOCAL INCOLOR C/AR PRONTA - IN,1,168.24,,
,42,2021-06-22,420003439,1,372485,BELLATIS REC TR7807 C-2,1,323.52,,
,42,2021-06-22,420003439,3,30227,LENTE MULTIFOCAL INCOLOR C/AR PRONTA - IN,1,168.24,,
,42,2021-06-22,420003438,1,373357,EVOKE DX50 H01,1,420.0,,
X,42,2021-06-22,420003437,1,373357,EVOKE DX50 H01,1,499.99,,
,42,2021-06-22,420003436,1,362221,LENTE CR LED BLUE PRONTA,1,117.02,,
,42,2021-06-22,420003436,3,370849,HI REC HI6144F T03,1,563.96,,
,42,2021-06-22,420003436,2,362221,LENTE CR LED BLUE PRONTA,1,117.02,,
,42,2021-06-21,420003435,1,60000,LENTE TRANSITIONS PRONTA - CIN,1,236.96,,
,42,2021-06-21,420003435,4,366614,RUN SOL W0968 C3,1,236.95,,
,42,2021-06-21,420003435,2,60000,LENTE TRANSITIONS PRONTA - CIN,1,236.96,,
,42,2021-06-21,420003435,3,373345,REC BULGET BG4137TN A01,1,379.13,,
,42,2021-06-21,420003434,3,366190,LENTE CR INCOLOR FOSCA,1,27.78,,
,42,2021-06-21,420003434,1,372794,URBAN REC JL318 C4,1,69.44,,
,42,2021-06-21,420003434,2,366190,LENTE CR INCOLOR FOSCA,1,27.78,,
,42,2021-06-21,420003433,1,364762,"LENTE MULTIFOCAL FOTO AR PRONTA ATÉ+3,00 ESF",1,200.54,,
,42,2021-06-21,420003432,1,364488,OL KIDS MR9083 C8,1,254.35,,
,42,2021-06-19,420003431,2,52323,LENTE CR 1.49 AR ESPECIAL - IN,1,78.8,,
,42,2021-06-19,420003431,1,372437,BELLATIS REC BR5696 C-4,1,264.4,,
,42,2021-06-19,420003431,3,52323,LENTE CR 1.49 AR ESPECIAL - IN,1,78.8,,
,42,2021-06-19,420003430,1,372769,ARM REC OL S/COD NYLON C2,1,135.44,,
,42,2021-06-19,420003430,3,52323,LENTE CR 1.49 AR ESPECIAL - IN,1,67.28,,
,42,2021-06-19,420003430,2,52323,LENTE CR 1.49 AR ESPECIAL - IN,1,67.28,,
,42,2021-06-19,420003429,3,372417,BELLATIS REC 1820 C-3,1,244.36,,
,42,2021-06-19,420003429,4,30056,"LENTE CR AR PRONTA 0,00 ATÉ 4,00 ESF CIL ATÉ 2,00",1,72.82,,
,42,2021-06-19,420003429,2,30056,"LENTE CR AR PRONTA 0,00 ATÉ 4,00 ESF CIL ATÉ 2,00",1,72.82,,
,42,2021-06-19,420003429,5,30056,"LENTE CR AR PRONTA 0,00 ATÉ 4,00 ESF CIL ATÉ 2,00",1,72.82,,
,42,2021-06-19,420003429,6,372431,BELLATIS REC 68316 C-10,1,244.36,,
,42,2021-06-19,420003429,1,30056,"LENTE CR AR PRONTA 0,00 ATÉ 4,00 ESF CIL ATÉ 2,00",1,72.82,,
,42,2021-06-19,420003428,1,359448,SOLDA GARANTIA,1,0.01,,
,42,2021-06-19,420003427,2,40006,LENTE MULTIFOCAL CR INCOLOR ANT-REFLEXO - I,1,240.26,,
,42,2021-06-19,420003427,1,40006,LENTE MULTIFOCAL CR INCOLOR ANT-REFLEXO - I,1,240.25,,
,42,2021-06-19,420003427,3,11969,ARMAÇÃO REC GL PROMOÇÃO GL_PROMO_DIV UNICA,1,51.11,,
,42,2021-06-19,420003427,6,372419,BELLATIS REC 1820 C-8,1,255.58,,
,42,2021-06-19,420003427,4,366190,LENTE CR INCOLOR FOSCA,1,40.9,,
,42,2021-06-19,420003427,5,366190,LENTE CR INCOLOR FOSCA,1,40.9,,
X,42,2021-06-18,420003426,1,367202,URBAN REC YY88033 C1,1,138.88,,
,42,2021-06-18,420003426,2,30009,LENTE MULTIFOCAL CR FOTO - FT,1,230.56,,
X,42,2021-06-18,420003426,4,367202,URBAN REC YY88033 C1,1,148.33,,
,42,2021-06-18,420003426,3,30009,LENTE MULTIFOCAL CR FOTO - FT,1,230.56,,
,42,2021-06-18,420003426,5,367202,URBAN REC YY88033 C1,1,148.88,,
,42,2021-06-18,420003425,2,30009,LENTE MULTIFOCAL CR FOTO - FT,1,249.84,,
,42,2021-06-18,420003425,1,372805,URBAN REC JL320 C1,1,100.32,,
,42,2021-06-18,420003425,3,30009,LENTE MULTIFOCAL CR FOTO - FT,1,249.84,,
,42,2021-06-18,420003424,3,356979,LENTE VX PHYSIO 1.67 TRANS  ESTOQUE,1,749.54,,
,42,2021-06-18,420003424,5,362221,LENTE CR LED BLUE PRONTA,1,134.27,,
,42,2021-06-18,420003424,7,370598,LENTE VARILUX X TRACK ORMA CRIZAL EASY,1,0.01,,
,42,2021-06-18,420003424,1,368001,HI REC HI6043 C01,1,539.22,,
,42,2021-06-18,420003424,4,356979,LENTE VX PHYSIO 1.67 TRANS  ESTOQUE,1,749.54,,
,42,2021-06-18,420003424,6,362221,LENTE CR LED BLUE PRONTA,1,134.27,,
,42,2021-06-18,420003424,9,372495,URBAN REC Z1275 C-02,1,161.76,,
,42,2021-06-18,420003424,2,373339,REC BULGET BG1623TN 02B,1,431.38,,
,42,2021-06-18,420003424,8,370598,LENTE VARILUX X TRACK ORMA CRIZAL EASY,1,0.01,,
,42,2021-06-18,420003423,2,40004,LENTE MULTIFOCAL CR FOTO ANT-REFLEXO - FT,1,452.28,,
,42,2021-06-18,420003423,4,364762,"LENTE MULTIFOCAL FOTO AR PRONTA ATÉ+3,00 ESF",1,276.46,,
,42,2021-06-18,420003423,1,40004,LENTE MULTIFOCAL CR FOTO ANT-REFLEXO - FT,1,452.27,,
,42,2021-06-18,420003423,3,364762,"LENTE MULTIFOCAL FOTO AR PRONTA ATÉ+3,00 ESF",1,219.0,,
,42,2021-06-18,420003422,1,356154,LENTE VX COMFORT SHORT ORMA TRANS ESTOQUE,1,474.77,,
,42,2021-06-18,420003422,2,356154,LENTE VX COMFORT SHORT ORMA TRANS ESTOQUE,1,474.76,,
,42,2021-06-18,420003422,3,371838,REC FL SL5401 C2,1,300.47,,
,42,2021-06-18,420003421,1,361829,PLAQUETA,1,11.82,,
,42,2021-06-18,420003421,2,361842,LIMPEZA COMPLETA COM AJUSTES,1,18.18,,
,42,2021-06-18,420003420,1,30227,LENTE MULTIFOCAL INCOLOR C/AR PRONTA - IN,1,192.0,,
,42,2021-06-18,420003420,2,30227,LENTE MULTIFOCAL INCOLOR C/AR PRONTA - IN,1,192.0,,
,42,2021-06-18,420003419,2,30227,LENTE MULTIFOCAL INCOLOR C/AR PRONTA - IN,1,169.57,,
,42,2021-06-18,420003419,1,371758,REC FL SL1003 C1,1,260.86,,
,42,2021-06-18,420003419,3,30227,LENTE MULTIFOCAL INCOLOR C/AR PRONTA - IN,1,169.57,,
,42,2021-06-18,420003418,1,30399,LENTE MULTIFOCAL CR INCOLOR - IN,1,118.75,,
,42,2021-06-18,420003418,2,30399,LENTE MULTIFOCAL CR INCOLOR - IN,1,118.75,,
,42,2021-06-18,420003418,3,372490,URBAN REC Z1274 C-01,1,142.5,,
,42,2021-06-17,420003417,1,370148,SPEEDO REC SPK6006I T01,1,488.0,,
,42,2021-06-17,420003417,3,30297,LENTE CR 1.74 AR PRONTA - IN,1,683.22,,
,42,2021-06-17,420003417,7,366190,LENTE CR INCOLOR FOSCA,1,39.04,,
,42,2021-06-17,420003417,2,30297,LENTE CR 1.74 AR PRONTA - IN,1,683.22,,
,42,2021-06-17,420003417,5,30297,LENTE CR 1.74 AR PRONTA - IN,1,683.22,,
,42,2021-06-17,420003417,9,11969,ARMAÇÃO REC GL PROMOÇÃO GL_PROMO_DIV UNICA,1,48.79,,
,42,2021-06-17,420003417,4,30297,LENTE CR 1.74 AR PRONTA - IN,1,683.22,,
,42,2021-06-17,420003417,6,373140,ARM REC BG7058T T02,1,478.25,,
,42,2021-06-17,420003417,8,366190,LENTE CR INCOLOR FOSCA,1,39.04,,
X,42,2021-06-17,420003416,2,362070,LENTE CR 1.67 SURFAÇADA ANTIREFLEXO +AFINAMENTO,1,985.0,,
X,42,2021-06-17,420003416,1,370148,SPEEDO REC SPK6006I T01,1,499.99,,
,42,2021-06-17,420003415,1,52323,LENTE CR 1.49 AR ESPECIAL - IN,1,67.5,,
,42,2021-06-17,420003415,2,52323,LENTE CR 1.49 AR ESPECIAL - IN,1,67.5,,
,42,2021-06-17,420003414,2,40004,LENTE MULTIFOCAL CR FOTO ANT-REFLEXO - FT,1,399.78,,
,42,2021-06-17,420003414,3,372841,URBAN REC JL302 C2,1,100.44,,
,42,2021-06-17,420003414,1,40004,LENTE MULTIFOCAL CR FOTO ANT-REFLEXO - FT,1,399.78,,
,42,2021-06-17,420003413,1,372463,FL REC SL146 C-2,1,270.82,,
,42,2021-06-17,420003413,2,40006,LENTE MULTIFOCAL CR INCOLOR ANT-REFLEXO - I,1,254.59,,
,42,2021-06-17,420003413,3,40006,LENTE MULTIFOCAL CR INCOLOR ANT-REFLEXO - I,1,254.59,,
,42,2021-06-17,420003412,1,30056,"LENTE CR AR PRONTA 0,00 ATÉ 4,00 ESF CIL ATÉ 2,00",1,74.5,,
,42,2021-06-17,420003412,3,372124,ROMANO SOL RO8002 C1,1,349.0,,
,42,2021-06-17,420003412,2,30056,"LENTE CR AR PRONTA 0,00 ATÉ 4,00 ESF CIL ATÉ 2,00",1,74.5,,
,42,2021-06-17,420003411,1,372777,ARM ATITUDE AT3240L 04A,1,390.0,,
,42,2021-06-16,420003410,1,10448,SOLDA COMUM,1,60.0,,
,42,2021-06-16,420003409,3,30050,LENTE CR INCOLOR PRONTA - IN,1,50.0,,
,42,2021-06-16,420003409,1,371180,OL REC ZF8820 PRETA,1,50.0,,
,42,2021-06-16,420003409,2,30050,LENTE CR INCOLOR PRONTA - IN,1,50.0,,
,42,2021-06-16,420003408,1,372826,URBAN REC JL301 C1,1,95.97,,
,42,2021-06-16,420003408,2,40004,LENTE MULTIFOCAL CR FOTO ANT-REFLEXO - FT,1,382.02,,
,42,2021-06-16,420003408,3,40004,LENTE MULTIFOCAL CR FOTO ANT-REFLEXO - FT,1,382.01,,
,42,2021-06-16,420003407,2,40006,LENTE MULTIFOCAL CR INCOLOR ANT-REFLEXO - I,1,226.76,,
,42,2021-06-16,420003407,1,372812,URBAN REC JL307 C1,1,96.48,,
,42,2021-06-16,420003407,3,40006,LENTE MULTIFOCAL CR INCOLOR ANT-REFLEXO - I,1,226.76,,
,42,2021-06-15,420003406,2,30227,LENTE MULTIFOCAL INCOLOR C/AR PRONTA - IN,1,144.45,,
,42,2021-06-15,420003406,1,372816,URBAN REC JL307 C5,1,111.1,,
,42,2021-06-15,420003406,3,30227,LENTE MULTIFOCAL INCOLOR C/AR PRONTA - IN,1,144.45,,
,42,2021-06-15,420003405,4,30399,LENTE MULTIFOCAL CR INCOLOR - IN,1,147.73,,
,42,2021-06-15,420003405,2,30399,LENTE MULTIFOCAL CR INCOLOR - IN,1,147.73,,
,42,2021-06-15,420003405,3,30399,LENTE MULTIFOCAL CR INCOLOR - IN,1,147.73,,
,42,2021-06-15,420003405,1,30399,LENTE MULTIFOCAL CR INCOLOR - IN,1,147.73,,
,42,2021-06-15,420003405,5,10448,SOLDA COMUM,1,59.08,,
,42,2021-06-15,420003404,2,356152,LENTE VX COMFORT ORMA TRANS ESTOQUE,1,284.97,,
,42,2021-06-15,420003404,4,371235,OL REC SL1006 PRATA/PRETO,1,143.67,,
,42,2021-06-15,420003404,6,356154,LENTE VX COMFORT SHORT ORMA TRANS ESTOQUE,1,378.36,,
,42,2021-06-15,420003404,1,372478,URBAN REC SL7017 C-3,1,143.67,,
,42,2021-06-15,420003404,5,356154,LENTE VX COMFORT SHORT ORMA TRANS ESTOQUE,1,378.36,,
,42,2021-06-15,420003404,3,356152,LENTE VX COMFORT ORMA TRANS ESTOQUE,1,284.97,,
,42,2021-06-15,420003403,3,30227,LENTE MULTIFOCAL INCOLOR C/AR PRONTA - IN,1,162.5,,
,42,2021-06-15,420003403,1,372816,URBAN REC JL307 C5,1,125.0,,
,42,2021-06-15,420003403,2,30227,LENTE MULTIFOCAL INCOLOR C/AR PRONTA - IN,1,162.5,,
,42,2021-06-15,420003402,3,372445,URBAN REC FY139 C-04,1,117.6,,
,42,2021-06-15,420003402,1,356288,LENTE AMPLUS 1.50 CLEAN EXTRA-INC,1,285.9,,
,42,2021-06-15,420003402,2,356288,LENTE AMPLUS 1.50 CLEAN EXTRA-INC,1,285.9,,
,42,2021-06-15,420003401,1,40004,LENTE MULTIFOCAL CR FOTO ANT-REFLEXO - FT,1,350.0,,
,42,2021-06-15,420003401,2,40004,LENTE MULTIFOCAL CR FOTO ANT-REFLEXO - FT,1,350.0,,
,42,2021-06-15,420003401,3,372424,BELLATIS REC 68303 C-6,1,249.99,,
,42,2021-06-15,420003400,3,371791,REC FL BA2054 C4,1,338.02,,
,42,2021-06-15,420003400,2,368998,LENTE POLY AR BLUE UV CIL ACIMA DE 200 PRONTA,1,230.99,,
,42,2021-06-15,420003400,1,368998,LENTE POLY AR BLUE UV CIL ACIMA DE 200 PRONTA,1,230.99,,
,42,2021-06-15,420003399,3,30009,LENTE MULTIFOCAL CR FOTO - FT,1,314.94,,
,42,2021-06-15,420003399,4,366190,LENTE CR INCOLOR FOSCA,1,50.59,,
,42,2021-06-15,420003399,6,11969,ARMAÇÃO REC GL PROMOÇÃO GL_PROMO_DIV UNICA,1,63.23,,
,42,2021-06-15,420003399,5,366190,LENTE CR INCOLOR FOSCA,1,50.59,,
,42,2021-06-15,420003399,1,372476,URBAN REC SL6641 C-02,1,189.71,,
,42,2021-06-15,420003399,2,30009,LENTE MULTIFOCAL CR FOTO - FT,1,314.94,,
,42,2021-06-15,420003398,2,362221,LENTE CR LED BLUE PRONTA,1,115.0,,
,42,2021-06-15,420003398,1,362221,LENTE CR LED BLUE PRONTA,1,115.0,,
,42,2021-06-15,420003397,1,362221,LENTE CR LED BLUE PRONTA,1,126.0,,
,42,2021-06-15,420003397,2,362221,LENTE CR LED BLUE PRONTA,1,126.0,,
,42,2021-06-14,420003396,1,30011,LENTE MULTIFOCAL CR INCOLOR -IN,1,160.72,,
,42,2021-06-14,420003396,3,372794,URBAN REC JL318 C4,1,128.56,,
,42,2021-06-14,420003396,2,30011,LENTE MULTIFOCAL CR INCOLOR -IN,1,160.72,,
,42,2021-06-14,420003395,1,372501,URBAN REC Y011 C-02,1,50.0,,
,42,2021-06-14,420003394,2,368995,LENTE POLY AR BLUE UV PRONTA,1,207.41,,
,42,2021-06-14,420003394,3,372448,URBAN REC FY140 C-03,1,185.18,,
,42,2021-06-14,420003394,1,368995,LENTE POLY AR BLUE UV PRONTA,1,207.41,,
,42,2021-06-14,420003393,1,356154,LENTE VX COMFORT SHORT ORMA TRANS ESTOQUE,1,379.81,,
,42,2021-06-14,420003393,3,30011,LENTE MULTIFOCAL CR INCOLOR -IN,1,120.19,,
,42,2021-06-14,420003393,4,30011,LENTE MULTIFOCAL CR INCOLOR -IN,1,120.19,,
,42,2021-06-14,420003393,2,356154,LENTE VX COMFORT SHORT ORMA TRANS ESTOQUE,1,379.81,,
,42,2021-06-12,420003392,2,40006,LENTE MULTIFOCAL CR INCOLOR ANT-REFLEXO - I,1,390.0,,
,42,2021-06-12,420003392,1,40006,LENTE MULTIFOCAL CR INCOLOR ANT-REFLEXO - I,1,390.0,,
,42,2021-06-12,420003391,2,362221,LENTE CR LED BLUE PRONTA,1,187.21,,
,42,2021-06-12,420003391,1,362221,LENTE CR LED BLUE PRONTA,1,187.2,,
,42,2021-06-12,420003391,3,371185,OL REC ZF8820 DEMY,1,75.17,,
,42,2021-06-12,420003391,4,363953,BERYL REC T284 C2,1,75.17,,
,42,2021-06-12,420003391,5,368995,LENTE POLY AR BLUE UV PRONTA,1,252.62,,
,42,2021-06-12,420003391,6,368995,LENTE POLY AR BLUE UV PRONTA,1,252.62,,
,42,2021-06-12,420003390,3,372762,ARM REC SP SP7020 A01,1,313.89,,
,42,2021-06-12,420003390,2,362221,LENTE CR LED BLUE PRONTA,1,111.66,,
,42,2021-06-12,420003390,5,362221,LENTE CR LED BLUE PRONTA,1,111.66,,
,42,2021-06-12,420003390,4,362221,LENTE CR LED BLUE PRONTA,1,111.66,,
,42,2021-06-12,420003390,1,362221,LENTE CR LED BLUE PRONTA,1,111.66,,
,42,2021-06-12,420003390,6,370773,REC ATITUDE AT1685M 06A,1,439.47,,
,42,2021-06-12,420003389,3,368995,LENTE POLY AR BLUE UV PRONTA,1,237.21,,
,42,2021-06-12,420003389,1,372496,URBAN REC XY8002 C-03,1,70.58,,
,42,2021-06-12,420003389,2,368995,LENTE POLY AR BLUE UV PRONTA,1,237.21,,
,42,2021-06-12,420003388,2,30056,"LENTE CR AR PRONTA 0,00 ATÉ 4,00 ESF CIL ATÉ 2,00",1,93.6,,
,42,2021-06-12,420003388,1,30056,"LENTE CR AR PRONTA 0,00 ATÉ 4,00 ESF CIL ATÉ 2,00",1,93.6,,
,42,2021-06-12,420003388,3,372765,ARM REC OL W1.BLP PRETO,1,62.8,,
,42,2021-06-12,420003387,3,40006,LENTE MULTIFOCAL CR INCOLOR ANT-REFLEXO - I,1,305.1,,
,42,2021-06-12,420003387,1,372769,ARM REC OL S/COD NYLON C2,1,140.8,,
,42,2021-06-12,420003387,2,40006,LENTE MULTIFOCAL CR INCOLOR ANT-REFLEXO - I,1,304.1,,
,42,2021-06-12,420003386,1,372792,URBAN REC JL318 C2,1,200.0,,
,42,2021-06-12,420003385,1,30009,LENTE MULTIFOCAL CR FOTO - FT,1,266.39,,
,42,2021-06-12,420003385,3,359199,LENTE AMPLUS 1.50 HARD,1,243.61,,
,42,2021-06-12,420003385,2,30009,LENTE MULTIFOCAL CR FOTO - FT,1,266.39,,
,42,2021-06-12,420003385,4,359199,LENTE AMPLUS 1.50 HARD,1,243.61,,
,42,2021-06-11,420003384,1,40004,LENTE MULTIFOCAL CR FOTO ANT-REFLEXO - FT,1,375.0,,
,42,2021-06-11,420003384,2,40004,LENTE MULTIFOCAL CR FOTO ANT-REFLEXO - FT,1,375.0,,
,42,2021-06-11,420003383,3,30009,LENTE MULTIFOCAL CR FOTO - FT,1,270.45,,
,42,2021-06-11,420003383,1,372844,URBAN REC JL302 C5,1,108.6,,
,42,2021-06-11,420003383,2,30009,LENTE MULTIFOCAL CR FOTO - FT,1,270.45,,
,42,2021-06-11,420003382,1,371947,LENTE HOYA VS PREMIUM 1.50 BLUECONTROL PRONTA,1,545.0,,
,42,2021-06-11,420003382,2,371947,LENTE HOYA VS PREMIUM 1.50 BLUECONTROL PRONTA,1,545.0,,
,42,2021-06-11,420003381,1,372802,URBAN REC JL321 C5,1,111.24,,
,42,2021-06-11,420003381,5,356154,LENTE VX COMFORT SHORT ORMA TRANS ESTOQUE,1,439.47,,
,42,2021-06-11,420003381,3,364762,"LENTE MULTIFOCAL FOTO AR PRONTA ATÉ+3,00 ESF",1,243.66,,
,42,2021-06-11,420003381,4,371760,REC FL SL1004 C3,1,222.5,,
,42,2021-06-11,420003381,2,364762,"LENTE MULTIFOCAL FOTO AR PRONTA ATÉ+3,00 ESF",1,243.66,,
,42,2021-06-11,420003381,6,356154,LENTE VX COMFORT SHORT ORMA TRANS ESTOQUE,1,439.47,,
,42,2021-06-11,420003380,2,52323,LENTE CR 1.49 AR ESPECIAL - IN,1,119.5,,
,42,2021-06-11,420003380,1,52323,LENTE CR 1.49 AR ESPECIAL - IN,1,119.5,,
,42,2021-06-11,420003379,1,359196,LENTE AMPLUS 1.50 NO-RISK-INC,1,506.3,,
,42,2021-06-11,420003379,2,359196,LENTE AMPLUS 1.50 NO-RISK-INC,1,506.29,,
,42,2021-06-11,420003379,3,372827,URBAN REC JL301 C2,1,97.41,,
,42,2021-06-11,420003378,1,372761,ARM REC JM JM6012 A01,1,470.26,,
,42,2021-06-11,420003378,3,40177,LENTE VARILUX LIBERTY TRANS CRIZAL FORTE - CIN,1,0.13,,
,42,2021-06-11,420003378,5,356154,LENTE VX COMFORT SHORT ORMA TRANS ESTOQUE,1,530.74,,
,42,2021-06-11,420003378,2,40177,LENTE VARILUX LIBERTY TRANS CRIZAL FORTE - CIN,1,0.13,,
,42,2021-06-11,420003378,4,356154,LENTE VX COMFORT SHORT ORMA TRANS ESTOQUE,1,530.74,,
,42,2021-06-10,420003377,2,368995,LENTE POLY AR BLUE UV PRONTA,1,185.0,,
,42,2021-06-10,420003377,1,368995,LENTE POLY AR BLUE UV PRONTA,1,185.0,,
,42,2021-06-10,420003376,2,362221,LENTE CR LED BLUE PRONTA,1,165.0,,
,42,2021-06-10,420003376,1,362221,LENTE CR LED BLUE PRONTA,1,165.0,,
,42,2021-06-10,420003375,1,371947,LENTE HOYA VS PREMIUM 1.50 BLUECONTROL PRONTA,1,320.26,,
,42,2021-06-10,420003375,3,372053,RAY BAN REC RX8906 5196  54,1,559.48,,
,42,2021-06-10,420003375,2,371947,LENTE HOYA VS PREMIUM 1.50 BLUECONTROL PRONTA,1,320.26,,
,42,2021-06-10,420003374,3,60000,LENTE TRANSITIONS PRONTA - CIN,1,318.19,,
,42,2021-06-10,420003374,2,60000,LENTE TRANSITIONS PRONTA - CIN,1,318.19,,
,42,2021-06-10,420003374,1,11969,ARMAÇÃO REC GL PROMOÇÃO GL_PROMO_DIV UNICA,1,63.62,,
,42,2021-06-10,420003373,1,356154,LENTE VX COMFORT SHORT ORMA TRANS ESTOQUE,1,395.0,,
,42,2021-06-10,420003373,2,356154,LENTE VX COMFORT SHORT ORMA TRANS ESTOQUE,1,506.0,,
,42,2021-06-10,420003372,3,361842,LIMPEZA COMPLETA COM AJUSTES,1,18.18,,
X,42,2021-06-10,420003372,1,10448,SOLDA COMUM,1,49.99,,
,42,2021-06-10,420003372,2,361829,PLAQUETA,1,11.82,,
,42,2021-06-10,420003371,2,30227,LENTE MULTIFOCAL INCOLOR C/AR PRONTA - IN,1,144.45,,
,42,2021-06-10,420003371,1,372818,URBAN REC JL307 C7,1,111.1,,
,42,2021-06-10,420003371,3,30227,LENTE MULTIFOCAL INCOLOR C/AR PRONTA - IN,1,144.45,,
,42,2021-06-09,420003370,2,362221,LENTE CR LED BLUE PRONTA,1,155.0,,
,42,2021-06-09,420003370,1,362221,LENTE CR LED BLUE PRONTA,1,155.0,,
,42,2021-06-09,420003369,1,356979,LENTE VX PHYSIO 1.67 TRANS  ESTOQUE,1,759.98,,
,42,2021-06-09,420003369,3,356979,LENTE VX PHYSIO 1.67 TRANS  ESTOQUE,1,759.98,,
,42,2021-06-09,420003369,2,356979,LENTE VX PHYSIO 1.67 TRANS  ESTOQUE,1,759.98,,
,42,2021-06-09,420003369,4,356979,LENTE VX PHYSIO 1.67 TRANS  ESTOQUE,1,759.98,,
,42,2021-06-09,420003368,1,371947,LENTE HOYA VS PREMIUM 1.50 BLUECONTROL PRONTA,1,301.23,,
,42,2021-06-09,420003368,3,372433,FL REC 8333 C-4 CLIP-ON,1,317.54,,
,42,2021-06-09,420003368,2,371947,LENTE HOYA VS PREMIUM 1.50 BLUECONTROL PRONTA,1,301.23,,
,42,2021-06-09,420003367,1,362221,LENTE CR LED BLUE PRONTA,1,160.54,,
,42,2021-06-09,420003367,3,372804,URBAN REC JL321 C7,1,128.93,,
,42,2021-06-09,420003367,2,362221,LENTE CR LED BLUE PRONTA,1,160.53,,
,42,2021-06-09,420003366,2,30009,LENTE MULTIFOCAL CR FOTO - FT,1,291.48,,
,42,2021-06-09,420003366,3,372844,URBAN REC JL302 C5,1,117.05,,
,42,2021-06-09,420003366,1,30009,LENTE MULTIFOCAL CR FOTO - FT,1,291.48,,
,42,2021-06-09,420003365,2,371947,LENTE HOYA VS PREMIUM 1.50 BLUECONTROL PRONTA,1,259.28,,
,42,2021-06-09,420003365,1,371947,LENTE HOYA VS PREMIUM 1.50 BLUECONTROL PRONTA,1,259.28,,
,42,2021-06-09,420003365,3,372763,ARM ATITUDE ATK6015MI A01,1,351.44,,
,42,2021-06-09,420003364,1,40004,LENTE MULTIFOCAL CR FOTO ANT-REFLEXO - FT,1,450.0,,
,42,2021-06-09,420003364,2,40004,LENTE MULTIFOCAL CR FOTO ANT-REFLEXO - FT,1,450.0,,
,42,2021-06-08,420003363,1,359448,SOLDA CORTESIA,1,0.01,,
,42,2021-06-08,420003362,2,52323,LENTE CR 1.49 AR ESPECIAL - IN,1,72.26,,
,42,2021-06-08,420003362,3,372760,ARM REC JM JM6022 H01,1,339.48,,
,42,2021-06-08,420003362,4,364762,"LENTE MULTIFOCAL FOTO AR PRONTA ATÉ+3,00 ESF",1,212.43,,
,42,2021-06-08,420003362,6,372744,ARM OL G8070 C2-2,1,286.14,,
,42,2021-06-08,420003362,5,364762,"LENTE MULTIFOCAL FOTO AR PRONTA ATÉ+3,00 ESF",1,212.43,,
,42,2021-06-08,420003362,1,52323,LENTE CR 1.49 AR ESPECIAL - IN,1,72.26,,
,42,2021-06-08,420003361,2,362221,LENTE CR LED BLUE PRONTA,1,130.99,,
,42,2021-06-08,420003361,3,372418,BELLATIS REC 1820 C-6,1,263.02,,
,42,2021-06-08,420003361,1,362221,LENTE CR LED BLUE PRONTA,1,130.99,,
,42,2021-06-08,420003360,2,356154,LENTE VX COMFORT SHORT ORMA TRANS ESTOQUE,1,421.63,,
,42,2021-06-08,420003360,1,356154,LENTE VX COMFORT SHORT ORMA TRANS ESTOQUE,1,421.64,,
,42,2021-06-08,420003360,3,372808,URBAN REC JL320 C4,1,106.73,,
,42,2021-06-08,420003359,1,40005,LENTE POLI INCOLOR SURFAÇADA ANT-REFLEXO - IN,1,343.41,,
,42,2021-06-08,420003359,3,372793,URBAN REC JL318 C3,1,127.18,,
,42,2021-06-08,420003359,2,40005,LENTE POLI INCOLOR SURFAÇADA ANT-REFLEXO - IN,1,343.41,,
,42,2021-06-08,420003358,3,372795,URBAN REC JL318 C5,1,93.95,,
,42,2021-06-08,420003358,2,356979,LENTE VX PHYSIO 1.67 TRANS  ESTOQUE,1,653.02,,
,42,2021-06-08,420003358,5,365789,LENTE VARILUX LIBERTY TRIO EASY CLEAN,1,0.01,,
,42,2021-06-08,420003358,1,356979,LENTE VX PHYSIO 1.67 TRANS  ESTOQUE,1,653.01,,
,42,2021-06-08,420003358,4,365789,LENTE VARILUX LIBERTY TRIO EASY CLEAN,1,0.01,,
,42,2021-06-08,420003357,2,30227,LENTE MULTIFOCAL INCOLOR C/AR PRONTA - IN,1,115.7,,
,42,2021-06-08,420003357,6,30227,LENTE MULTIFOCAL INCOLOR C/AR PRONTA - IN,1,72.99,,
,42,2021-06-08,420003357,3,30227,LENTE MULTIFOCAL INCOLOR C/AR PRONTA - IN,1,115.7,,
,42,2021-06-08,420003357,4,372802,URBAN REC JL321 C5,1,65.0,,
,42,2021-06-08,420003357,1,30227,LENTE MULTIFOCAL INCOLOR C/AR PRONTA - IN,1,115.7,,
,42,2021-06-08,420003357,5,372808,URBAN REC JL320 C4,1,65.0,,
,42,2021-06-08,420003356,4,30060,LENTE CR 1.61 AR PRONTA - IN,1,119.49,,
,42,2021-06-08,420003356,9,356154,LENTE VX COMFORT SHORT ORMA TRANS ESTOQUE,1,374.6,,
,42,2021-06-08,420003356,3,30060,LENTE CR 1.61 AR PRONTA - IN,1,119.49,,
,42,2021-06-08,420003356,6,40205,LENTE VARILUX COMFORT ORMA TRANS ANT-REFLEXO,1,0.01,,
,42,2021-06-08,420003356,1,370609,LENTE CR 1.67 ANTIBLUE PRONTA,1,531.06,,
,42,2021-06-08,420003356,2,370609,LENTE CR 1.67 ANTIBLUE PRONTA,1,531.08,,
,42,2021-06-08,420003356,5,371735,URBAN REC 8849 C2,1,94.83,,
,42,2021-06-08,420003356,7,40205,LENTE VARILUX COMFORT ORMA TRANS ANT-REFLEXO,1,0.01,,
,42,2021-06-08,420003356,8,372836,URBAN REC JL315 C4,1,94.83,,
,42,2021-06-08,420003356,10,356154,LENTE VX COMFORT SHORT ORMA TRANS ESTOQUE,1,374.6,,
,42,2021-06-08,420003355,2,364762,"LENTE MULTIFOCAL FOTO AR PRONTA ATÉ+3,00 ESF",1,274.15,,
,42,2021-06-08,420003355,5,356154,LENTE VX COMFORT SHORT ORMA TRANS ESTOQUE,1,494.47,,
,42,2021-06-08,420003355,1,364762,"LENTE MULTIFOCAL FOTO AR PRONTA ATÉ+3,00 ESF",1,274.15,,
,42,2021-06-08,420003355,3,372487,URBAN REC Z1272 C-03,1,187.76,,
,42,2021-06-08,420003355,4,356154,LENTE VX COMFORT SHORT ORMA TRANS ESTOQUE,1,494.47,,
,42,2021-06-08,420003354,1,359199,LENTE AMPLUS 1.50 HARD,1,249.99,,
,42,2021-06-08,420003354,2,359199,LENTE AMPLUS 1.50 HARD,1,250.0,,
,42,2021-06-08,420003353,3,372479,URBAN REC SL7077 C-3,1,156.38,,
,42,2021-06-08,420003353,5,356154,LENTE VX COMFORT SHORT ORMA TRANS ESTOQUE,1,411.81,,
,42,2021-06-08,420003353,6,372459,URBAN REC FY190 C-04,1,156.38,,
,42,2021-06-08,420003353,1,356154,LENTE VX COMFORT SHORT ORMA TRANS ESTOQUE,1,411.82,,
,42,2021-06-08,420003353,4,356154,LENTE VX COMFORT SHORT ORMA TRANS ESTOQUE,1,411.81,,
,42,2021-06-08,420003353,2,356154,LENTE VX COMFORT SHORT ORMA TRANS ESTOQUE,1,411.81,,
,42,2021-06-08,420003352,1,30057,"LENTE POLI INCOLOR CIL ACIMA 2,00 PRONTA - IN",1,117.5,,
,42,2021-06-08,420003352,2,30057,"LENTE POLI INCOLOR CIL ACIMA 2,00 PRONTA - IN",1,117.5,,
,42,2021-06-07,420003351,1,372405,GALLERY REC DT30015 C2,1,330.0,,
,42,2021-06-07,420003350,1,371947,LENTE HOYA VS PREMIUM 1.50 BLUECONTROL PRONTA,1,555.0,,
,42,2021-06-07,420003350,2,371947,LENTE HOYA VS PREMIUM 1.50 BLUECONTROL PRONTA,1,555.0,,
,42,2021-06-07,420003349,1,30056,"LENTE CR AR PRONTA 0,00 ATÉ 4,00 ESF CIL ATÉ 2,00",1,68.82,,
,42,2021-06-07,420003349,2,30056,"LENTE CR AR PRONTA 0,00 ATÉ 4,00 ESF CIL ATÉ 2,00",1,68.82,,
,42,2021-06-07,420003349,3,372816,URBAN REC JL307 C5,1,92.36,,
,42,2021-06-07,420003348,3,30240,LENTE FOTOSSENSIVEL AR PRONTA - CIN,1,129.57,,
,42,2021-06-07,420003348,1,372802,URBAN REC JL321 C5,1,130.86,,
,42,2021-06-07,420003348,2,30240,LENTE FOTOSSENSIVEL AR PRONTA - CIN,1,129.57,,
,42,2021-06-07,420003347,1,30227,LENTE MULTIFOCAL INCOLOR C/AR PRONTA - IN,1,195.0,,
,42,2021-06-07,420003347,2,30227,LENTE MULTIFOCAL INCOLOR C/AR PRONTA - IN,1,195.0,,
,42,2021-06-07,420003346,2,359199,LENTE AMPLUS 1.50 HARD,1,265.0,,
,42,2021-06-07,420003346,1,359199,LENTE AMPLUS 1.50 HARD,1,265.0,,
,42,2021-06-07,420003345,1,366190,LENTE CR INCOLOR FOSCA,1,25.0,,
,42,2021-06-07,420003345,2,366190,LENTE CR INCOLOR FOSCA,1,25.0,,
,42,2021-06-07,420003344,2,364762,"LENTE MULTIFOCAL FOTO AR PRONTA ATÉ+3,00 ESF",1,210.93,,
,42,2021-06-07,420003344,1,364762,"LENTE MULTIFOCAL FOTO AR PRONTA ATÉ+3,00 ESF",1,210.92,,
,42,2021-06-07,420003344,3,372434,URBAN REC 8849 C-05,1,48.15,,
,42,2021-06-07,420003343,1,30009,LENTE MULTIFOCAL CR FOTO - FT,1,280.53,,
,42,2021-06-07,420003343,2,30009,LENTE MULTIFOCAL CR FOTO - FT,1,280.51,,
,42,2021-06-07,420003343,5,30009,LENTE MULTIFOCAL CR FOTO - FT,1,280.51,,
,42,2021-06-07,420003343,3,363365,BELLATIS REC JS69002 C1,1,112.64,,
,42,2021-06-07,420003343,4,30009,LENTE MULTIFOCAL CR FOTO - FT,1,280.51,,
,42,2021-06-07,420003343,6,371761,REC FL SL7017 C5,1,225.3,,
,42,2021-06-07,420003342,3,372477,URBAN REC SL7017 C-04,1,99.0,,
,42,2021-06-07,420003342,2,359199,LENTE AMPLUS 1.50 HARD,1,295.0,,
,42,2021-06-07,420003342,1,359199,LENTE AMPLUS 1.50 HARD,1,295.0,,
,42,2021-06-07,420003341,2,30227,LENTE MULTIFOCAL INCOLOR C/AR PRONTA - IN,1,121.52,,
,42,2021-06-07,420003341,3,371768,REC BELLATIS SL9002 C4,1,186.96,,
,42,2021-06-07,420003341,1,30227,LENTE MULTIFOCAL INCOLOR C/AR PRONTA - IN,1,121.52,,
,42,2021-06-07,420003340,3,364900,"LENTE CR BLUE CUT CIL ACIMA DE 2,00",1,158.4,,
,42,2021-06-07,420003340,1,371581,HICKMANN REC HI1092 01A,1,475.2,,
,42,2021-06-07,420003340,2,364900,"LENTE CR BLUE CUT CIL ACIMA DE 2,00",1,158.4,,
,42,2021-06-05,420003339,3,30221,LENTE CR INCOLOR PRONTA-COLORAÇÃO,1,75.0,,
X,42,2021-06-05,420003339,1,11969,ARMAÇÃO REC GL PROMOÇÃO GL_PROMO_DIV UNICA,1,49.99,,
,42,2021-06-05,420003339,2,30221,LENTE CR INCOLOR PRONTA-COLORAÇÃO,1,75.0,,
,42,2021-06-05,420003338,2,40006,LENTE MULTIFOCAL CR INCOLOR ANT-REFLEXO - I,1,235.0,,
,42,2021-06-05,420003338,1,40006,LENTE MULTIFOCAL CR INCOLOR ANT-REFLEXO - I,1,235.0,,
,42,2021-06-05,420003337,3,371847,REC FL SL5367 C4,1,236.18,,
,42,2021-06-05,420003337,2,364762,"LENTE MULTIFOCAL FOTO AR PRONTA ATÉ+3,00 ESF",1,206.91,,
,42,2021-06-05,420003337,1,364762,"LENTE MULTIFOCAL FOTO AR PRONTA ATÉ+3,00 ESF",1,206.91,,
,42,2021-06-05,420003336,1,370610,SOLDA GARANTIA,1,0.01,,
,42,2021-06-05,420003336,3,30058,LENTE POLI 1.59 AR PRONTA - IN,1,140.01,,
,42,2021-06-05,420003336,2,30058,LENTE POLI 1.59 AR PRONTA - IN,1,159.5,,
,42,2021-06-05,420003335,2,371275,OL REC ZX25012 C3,1,306.11,,
,42,2021-06-05,420003335,6,30399,LENTE MULTIFOCAL CR INCOLOR - IN,1,127.98,,
,42,2021-06-05,420003335,11,371811,BELLATIS SOL CJH72207 C1,1,102.37,,
,42,2021-06-05,420003335,3,30399,LENTE MULTIFOCAL CR INCOLOR - IN,1,127.98,,
,42,2021-06-05,420003335,8,30227,LENTE MULTIFOCAL INCOLOR C/AR PRONTA - IN,1,133.1,,
,42,2021-06-05,420003335,5,30399,LENTE MULTIFOCAL CR INCOLOR - IN,1,127.98,,
,42,2021-06-05,420003335,7,30227,LENTE MULTIFOCAL INCOLOR C/AR PRONTA - IN,1,133.1,,
,42,2021-06-05,420003335,10,30227,LENTE MULTIFOCAL INCOLOR C/AR PRONTA - IN,1,133.1,,
,42,2021-06-05,420003335,1,371780,REC BELLATIS BR5681 C4,1,307.1,,
,42,2021-06-05,420003335,4,30399,LENTE MULTIFOCAL CR INCOLOR - IN,1,127.98,,
,42,2021-06-05,420003335,9,30227,LENTE MULTIFOCAL INCOLOR C/AR PRONTA - IN,1,133.1,,
,42,2021-06-05,420003334,3,361846,LENTE MULTIFOCAL C.O PRO HD ANT-REFLEXO,1,345.38,,
,42,2021-06-05,420003334,1,372816,URBAN REC JL307 C5,1,107.24,,
,42,2021-06-05,420003334,2,361846,LENTE MULTIFOCAL C.O PRO HD ANT-REFLEXO,1,345.38,,
,42,2021-06-04,420003333,2,364762,"LENTE MULTIFOCAL FOTO AR PRONTA ATÉ+3,00 ESF",1,265.93,,
,42,2021-06-04,420003333,3,364762,"LENTE MULTIFOCAL FOTO AR PRONTA ATÉ+3,00 ESF",1,265.93,,
,42,2021-06-04,420003333,1,372750,ARM OL SL5401 C4,1,182.14,,
,42,2021-06-04,420003332,1,364762,"LENTE MULTIFOCAL FOTO AR PRONTA ATÉ+3,00 ESF",1,265.94,,
,42,2021-06-04,420003332,3,372491,URBAN REC Z1274 C-02,1,199.13,,
,42,2021-06-04,420003332,2,364762,"LENTE MULTIFOCAL FOTO AR PRONTA ATÉ+3,00 ESF",1,265.93,,
,42,2021-06-04,420003331,1,26645,LIVRO- O MEU CAMINHO LIVROGIL UNICA,1,0.01,,
,42,2021-06-04,420003330,9,366266,LENTE VX COMFORT ORMA TRANS CZ FORTE ESTOQUE,1,949.88,,
,42,2021-06-04,420003330,5,30042,LENTE ORMA TRANSITIONS CRIZAL EASY - CIN,1,305.52,,
,42,2021-06-04,420003330,6,40406,LENTE TRANSITIONS SURF CRIZAL FORTE - CIN,1,0.01,,
,42,2021-06-04,420003330,11,372742,ARM OL BR1016 C1,1,327.72,,
,42,2021-06-04,420003330,2,40289,LENTE VX PHISIO 360° TRANS CRIZAL EASY - IN,1,0.01,,
,42,2021-06-04,420003330,7,40406,LENTE TRANSITIONS SURF CRIZAL FORTE - CIN,1,0.01,,
,42,2021-06-04,420003330,10,366266,LENTE VX COMFORT ORMA TRANS CZ FORTE ESTOQUE,1,949.88,,
,42,2021-06-04,420003330,1,370077,ARM REC BULGET BG2014 01A,1,387.72,,
,42,2021-06-04,420003330,3,40289,LENTE VX PHISIO 360° TRANS CRIZAL EASY - IN,1,0.01,,
,42,2021-06-04,420003330,4,30042,LENTE ORMA TRANSITIONS CRIZAL EASY - CIN,1,305.52,,
,42,2021-06-04,420003330,8,372745,ARM OL G8072 C2-12,1,327.72,,
,42,2021-06-04,420003329,1,371849,REC FL VS1165 C1,1,244.36,,
,42,2021-06-04,420003329,2,30056,"LENTE CR AR PRONTA 0,00 ATÉ 4,00 ESF CIL ATÉ 2,00",1,72.82,,
,42,2021-06-04,420003329,3,30056,"LENTE CR AR PRONTA 0,00 ATÉ 4,00 ESF CIL ATÉ 2,00",1,72.82,,
,42,2021-06-04,420003328,1,30205,LENTE CR 1.74 SURFAÇADA INCOLOR - IN,1,1186.66,,
,42,2021-06-04,420003328,2,52323,LENTE CR 1.49 AR ESPECIAL - IN,1,113.34,,
,42,2021-06-04,420003327,2,52323,LENTE CR 1.49 AR ESPECIAL - IN,1,73.0,,
,42,2021-06-04,420003327,1,52323,LENTE CR 1.49 AR ESPECIAL - IN,1,73.0,,
,42,2021-06-04,420003327,4,362221,LENTE CR LED BLUE PRONTA,1,122.0,,
,42,2021-06-04,420003327,3,362221,LENTE CR LED BLUE PRONTA,1,122.0,,
,42,2021-06-04,420003326,2,362221,LENTE CR LED BLUE PRONTA,1,134.04,,
,42,2021-06-04,420003326,3,371862,REC BELLATIS BR8041 C1,1,321.92,,
,42,2021-06-04,420003326,1,362221,LENTE CR LED BLUE PRONTA,1,134.04,,
,42,2021-06-04,420003325,1,361829,PLAQUETA,1,15.0,,
,42,2021-06-04,420003324,1,52323,LENTE CR 1.49 AR ESPECIAL - IN,1,100.0,,
,42,2021-06-04,420003324,2,52323,LENTE CR 1.49 AR ESPECIAL - IN,1,100.0,,
,42,2021-06-04,420003323,2,363116,LENTE TOTALL LUX BASIC 1.50 INC,1,160.0,,
,42,2021-06-04,420003323,1,363116,LENTE TOTALL LUX BASIC 1.50 INC,1,160.0,,
,42,2021-06-03,420003322,2,40004,LENTE MULTIFOCAL CR FOTO ANT-REFLEXO - FT,1,399.78,,
,42,2021-06-03,420003322,3,372799,URBAN REC JL321 C2,1,100.44,,
,42,2021-06-03,420003322,1,40004,LENTE MULTIFOCAL CR FOTO ANT-REFLEXO - FT,1,399.78,,
,42,2021-06-03,420003321,2,40079,LENTE VARILUX LIBERTY ANT-REFLEXO - IN,1,660.87,,
,42,2021-06-03,420003321,4,370818,SPEEDO SOL CARAVAN 02 02B,1,481.88,,
,42,2021-06-03,420003321,6,40080,LENTE VARILUX LIBERTY CRIZAL EASY - IN,1,0.01,,
,42,2021-06-03,420003321,1,40079,LENTE VARILUX LIBERTY ANT-REFLEXO - IN,1,660.87,,
,42,2021-06-03,420003321,3,372049,RAY BAN REC RX7162L 5978  54,1,570.38,,
,42,2021-06-03,420003321,5,40080,LENTE VARILUX LIBERTY CRIZAL EASY - IN,1,0.01,,
,42,2021-06-03,420003320,2,30399,LENTE MULTIFOCAL CR INCOLOR - IN,1,100.01,,
,42,2021-06-03,420003320,3,30399,LENTE MULTIFOCAL CR INCOLOR - IN,1,100.0,,
,42,2021-06-03,420003320,1,372500,URBAN REC Y011 C-01,1,39.99,,
,42,2021-06-02,420003319,1,362221,LENTE CR LED BLUE PRONTA,1,135.52,,
,42,2021-06-02,420003319,2,362221,LENTE CR LED BLUE PRONTA,1,135.52,,
,42,2021-06-02,420003319,4,371810,BELLATIS SOL JQ7994 C1,1,108.84,,
,42,2021-06-02,420003319,3,372484,BELLATIS REC T8287 C-6,1,272.12,,
,42,2021-06-01,420003318,3,372776,ARM REC OL 11-570,1,125.42,,
,42,2021-06-01,420003318,2,30056,"LENTE CR AR PRONTA 0,00 ATÉ 4,00 ESF CIL ATÉ 2,00",1,62.29,,
,42,2021-06-01,420003318,1,30056,"LENTE CR AR PRONTA 0,00 ATÉ 4,00 ESF CIL ATÉ 2,00",1,62.29,,
,42,2021-06-01,420003317,3,372843,URBAN REC JL302 C4,1,99.99,,
,42,2021-06-01,420003317,2,30399,LENTE MULTIFOCAL CR INCOLOR - IN,1,125.0,,
,42,2021-06-01,420003317,1,30399,LENTE MULTIFOCAL CR INCOLOR - IN,1,125.01,,
,42,2021-06-01,420003316,1,30011,LENTE MULTIFOCAL CR INCOLOR -IN,1,125.01,,
,42,2021-06-01,420003316,2,30011,LENTE MULTIFOCAL CR INCOLOR -IN,1,125.0,,
,42,2021-06-01,420003316,3,372818,URBAN REC JL307 C7,1,99.99,,
,42,2021-06-01,420003315,2,356288,LENTE AMPLUS 1.50 CLEAN EXTRA-INC,1,369.36,,
,42,2021-06-01,420003315,1,356288,LENTE AMPLUS 1.50 CLEAN EXTRA-INC,1,369.36,,
,42,2021-06-01,420003315,3,372843,URBAN REC JL302 C4,1,101.28,,
,42,2021-06-01,420003314,2,30399,LENTE MULTIFOCAL CR INCOLOR - IN,1,125.0,,
,42,2021-06-01,420003314,1,30399,LENTE MULTIFOCAL CR INCOLOR - IN,1,125.0,,
