os,vendedor,carne,linha_origem,tabela_tipo,aba_origem,valores_brutos,data_movimento,loja_celula,loja_arquivo,arquivo_origem,os_numero
4110,BETH,Não,15,OS_ENTREGUES_DIA,1,"[4110, 'BETH', 'Não']",2024-04-01,,maua,abr_24.xlsx,4110
4117,BETH,Não,16,OS_ENTREGUES_DIA,1,"[4117, 'BETH', 'Não']",2024-04-01,,maua,abr_24.xlsx,4117
4098,BETH,Sim,15,OS_ENTREGUES_DIA,2,"[4098, 'BETH', 'Sim']",2024-04-02,,maua,abr_24.xlsx,4098
4156,BETH,Não,15,OS_ENTREGUES_DIA,3,"[4156, 'BETH', 'Não']",2024-04-03,,maua,abr_24.xlsx,4156
4136,BETH,Não,15,OS_ENTREGUES_DIA,4,"[4136, 'BETH', 'Não']",2024-04-04,,maua,abr_24.xlsx,4136
4126,BETH,Não,16,OS_ENTREGUES_DIA,4,"[4126, 'BETH', 'Não']",2024-04-04,,maua,abr_24.xlsx,4126
4033,BETH,SIM,15,OS_ENTREGUES_DIA,5,"[4033, 'BETH', 'SIM']",2024-04-05,,maua,abr_24.xlsx,4033
4034,BETH,SIM,16,OS_ENTREGUES_DIA,5,"[4034, 'BETH', 'SIM']",2024-04-05,,maua,abr_24.xlsx,4034
4128,BETH,Não,15,OS_ENTREGUES_DIA,6,"[4128, 'BETH', 'Não']",2024-04-06,,maua,abr_24.xlsx,4128
4071,BETH,Não,15,OS_ENTREGUES_DIA,8,"[4071, 'BETH', 'Não']",2024-04-08,,maua,abr_24.xlsx,4071
4175,BETH,Não,16,OS_ENTREGUES_DIA,8,"[4175, 'BETH', 'Não']",2024-04-08,,maua,abr_24.xlsx,4175
4097,BETH,Não,15,OS_ENTREGUES_DIA,10,"[4097, 'BETH', 'Não']",2024-04-10,,maua,abr_24.xlsx,4097
4153,BETH,NAO,16,OS_ENTREGUES_DIA,10,"[4153, 'BETH', 'NAO']",2024-04-10,,maua,abr_24.xlsx,4153
4108,BETH,Não,17,OS_ENTREGUES_DIA,10,"[4108, 'BETH', 'Não']",2024-04-10,,maua,abr_24.xlsx,4108
4139,BETH,Não,15,OS_ENTREGUES_DIA,11,"[4139, 'BETH', 'Não']",2024-04-11,,maua,abr_24.xlsx,4139
4140,BETH,Não,16,OS_ENTREGUES_DIA,11,"[4140, 'BETH', 'Não']",2024-04-11,,maua,abr_24.xlsx,4140
4155,BETH,Não,17,OS_ENTREGUES_DIA,11,"[4155, 'BETH', 'Não']",2024-04-11,,maua,abr_24.xlsx,4155
4133,LUANA,Não,15,OS_ENTREGUES_DIA,12,"[4133, 'LUANA', 'Não']",2024-04-12,,maua,abr_24.xlsx,4133
4125,BETH,Sim,15,OS_ENTREGUES_DIA,13,"[4125, 'BETH', 'Sim']",2024-04-13,,maua,abr_24.xlsx,4125
4159,BETH,Não,15,OS_ENTREGUES_DIA,18,"[4159, 'BETH', 'Não']",2024-04-18,,maua,abr_24.xlsx,4159
4083,BETH,Não,16,OS_ENTREGUES_DIA,18,"[4083, 'BETH', 'Não']",2024-04-18,,maua,abr_24.xlsx,4083
4084,BETH,Sim,17,OS_ENTREGUES_DIA,18,"[4084, 'BETH', 'Sim']",2024-04-18,,maua,abr_24.xlsx,4084
4176,BETH,Não,15,OS_ENTREGUES_DIA,15,"[4176, 'BETH', 'Não']",2024-04-15,,maua,abr_24.xlsx,4176
4151,BETH,Não,16,OS_ENTREGUES_DIA,15,"[4151, 'BETH', 'Não']",2024-04-15,,maua,abr_24.xlsx,4151
4146,BETH,Não,17,OS_ENTREGUES_DIA,15,"[4146, 'BETH', 'Não']",2024-04-15,,maua,abr_24.xlsx,4146
4186,BETH,Não,15,OS_ENTREGUES_DIA,20,"[4186, 'BETH', 'Não']",2024-04-20,,maua,abr_24.xlsx,4186
4169,BETH,Sim,16,OS_ENTREGUES_DIA,20,"[4169, 'BETH', 'Sim']",2024-04-20,,maua,abr_24.xlsx,4169
4168,BETH,Sim,17,OS_ENTREGUES_DIA,20,"[4168, 'BETH', 'Sim']",2024-04-20,,maua,abr_24.xlsx,4168
4150,BETH,Não,18,OS_ENTREGUES_DIA,20,"[4150, 'BETH', 'Não']",2024-04-20,,maua,abr_24.xlsx,4150
4132,BETH,Não,19,OS_ENTREGUES_DIA,20,"[4132, 'BETH', 'Não']",2024-04-20,,maua,abr_24.xlsx,4132
4178,ROGÉRIO,Não,15,OS_ENTREGUES_DIA,17,"[4178, 'ROGÉRIO', 'Não']",2024-04-17,,maua,abr_24.xlsx,4178
4177,BETH,Não,16,OS_ENTREGUES_DIA,17,"[4177, 'BETH', 'Não']",2024-04-17,,maua,abr_24.xlsx,4177
4170,BETH,Não,17,OS_ENTREGUES_DIA,17,"[4170, 'BETH', 'Não']",2024-04-17,,maua,abr_24.xlsx,4170
4036,BETH,Não,18,OS_ENTREGUES_DIA,17,"[4036, 'BETH', 'Não']",2024-04-17,,maua,abr_24.xlsx,4036
4093,BETH,Não,19,OS_ENTREGUES_DIA,17,"[4093, 'BETH', 'Não']",2024-04-17,,maua,abr_24.xlsx,4093
4154,BETH,Não,15,OS_ENTREGUES_DIA,16,"[4154, 'BETH', 'Não']",2024-04-16,,maua,abr_24.xlsx,4154
4173,BETH,Não,16,OS_ENTREGUES_DIA,16,"[4173, 'BETH', 'Não']",2024-04-16,,maua,abr_24.xlsx,4173
4127,BETH,Não,15,OS_ENTREGUES_DIA,23,"[4127, 'BETH', 'Não']",2024-04-23,,maua,abr_24.xlsx,4127
4164,BETH,Não,16,OS_ENTREGUES_DIA,23,"[4164, 'BETH', 'Não']",2024-04-23,,maua,abr_24.xlsx,4164
4083,BETH,Não,17,OS_ENTREGUES_DIA,23,"[4083, 'BETH', 'Não']",2024-04-23,,maua,abr_24.xlsx,4083
4192,BETH,Não,18,OS_ENTREGUES_DIA,23,"[4192, 'BETH', 'Não']",2024-04-23,,maua,abr_24.xlsx,4192
4187,BETH,Não,19,OS_ENTREGUES_DIA,23,"[4187, 'BETH', 'Não']",2024-04-23,,maua,abr_24.xlsx,4187
4189,BETH,Não,20,OS_ENTREGUES_DIA,23,"[4189, 'BETH', 'Não']",2024-04-23,,maua,abr_24.xlsx,4189
4190,BETH,Não,21,OS_ENTREGUES_DIA,23,"[4190, 'BETH', 'Não']",2024-04-23,,maua,abr_24.xlsx,4190
4172,BETH,Não,15,OS_ENTREGUES_DIA,19,"[4172, 'BETH', 'Não']",2024-04-19,,maua,abr_24.xlsx,4172
4171,BETH,Não,15,OS_ENTREGUES_DIA,25,"[4171, 'BETH', 'Não']",2024-04-25,,maua,abr_24.xlsx,4171
4030,BETH,Sim,15,OS_ENTREGUES_DIA,22,"[4030, 'BETH', 'Sim']",2024-04-22,,maua,abr_24.xlsx,4030
4137,BETH,Não,16,OS_ENTREGUES_DIA,22,"[4137, 'BETH', 'Não']",2024-04-22,,maua,abr_24.xlsx,4137
4096,BETH,Não,15,OS_ENTREGUES_DIA,26,"[4096, 'BETH', 'Não']",2024-04-26,,maua,abr_24.xlsx,4096
4179,BETH,Sim,16,OS_ENTREGUES_DIA,26,"[4179, 'BETH', 'Sim']",2024-04-26,,maua,abr_24.xlsx,4179
4141,BETH,Sim,17,OS_ENTREGUES_DIA,26,"[4141, 'BETH', 'Sim']",2024-04-26,,maua,abr_24.xlsx,4141
4198,BETH,Não,18,OS_ENTREGUES_DIA,26,"[4198, 'BETH', 'Não']",2024-04-26,,maua,abr_24.xlsx,4198
4163,BETH,Não,15,OS_ENTREGUES_DIA,27,"[4163, 'BETH', 'Não']",2024-04-27,,maua,abr_24.xlsx,4163
4193,BETH,Não,15,OS_ENTREGUES_DIA,29,"[4193, 'BETH', 'Não']",2024-04-29,,maua,abr_24.xlsx,4193
4195,BETH,Não,16,OS_ENTREGUES_DIA,29,"[4195, 'BETH', 'Não']",2024-04-29,,maua,abr_24.xlsx,4195
4193,BETH,Não,17,OS_ENTREGUES_DIA,29,"[4193, 'BETH', 'Não']",2024-04-29,,maua,abr_24.xlsx,4193
4194,BETH,Não,18,OS_ENTREGUES_DIA,29,"[4194, 'BETH', 'Não']",2024-04-29,,maua,abr_24.xlsx,4194
4152,BETH,Não,19,OS_ENTREGUES_DIA,29,"[4152, 'BETH', 'Não']",2024-04-29,,maua,abr_24.xlsx,4152
4204,BETH,Não,15,OS_ENTREGUES_DIA,30,"[4204, 'BETH', 'Não']",2024-04-30,,maua,abr_24.xlsx,4204
4181,BETH,Sim,16,OS_ENTREGUES_DIA,30,"[4181, 'BETH', 'Sim']",2024-04-30,,maua,abr_24.xlsx,4181
4182,BETH,Sim,17,OS_ENTREGUES_DIA,30,"[4182, 'BETH', 'Sim']",2024-04-30,,maua,abr_24.xlsx,4182
4161,BETH,Sim,18,OS_ENTREGUES_DIA,30,"[4161, 'BETH', 'Sim']",2024-04-30,,maua,abr_24.xlsx,4161
4145,BETH,Não,19,OS_ENTREGUES_DIA,30,"[4145, 'BETH', 'Não']",2024-04-30,,maua,abr_24.xlsx,4145
4835,BETH,Não,15,OS_ENTREGUES_DIA,4,"[4835, 'BETH', 'Não']",2025-04-04,MAUÁ,maua,abr_25.xlsx,4835
4836,BETH,Não,16,OS_ENTREGUES_DIA,4,"[4836, 'BETH', 'Não']",2025-04-04,MAUÁ,maua,abr_25.xlsx,4836
4759,BETH,Não,15,OS_ENTREGUES_DIA,5,"[4759, 'BETH', 'Não']",2025-04-05,MAUÁ,maua,abr_25.xlsx,4759
4818,BETH,Não,15,OS_ENTREGUES_DIA,8,"[4818, 'BETH', 'Não']",2025-04-08,MAUÁ,maua,abr_25.xlsx,4818
4846,BETH,Sim,15,OS_ENTREGUES_DIA,12,"[4846, 'BETH', 'Sim']",2025-04-12,MAUÁ,maua,abr_25.xlsx,4846
4847,BETH,Sim,16,OS_ENTREGUES_DIA,12,"[4847, 'BETH', 'Sim']",2025-04-12,MAUÁ,maua,abr_25.xlsx,4847
4853,BETH,Não,17,OS_ENTREGUES_DIA,12,"[4853, 'BETH', 'Não']",2025-04-12,MAUÁ,maua,abr_25.xlsx,4853
4760,BETH,Não,15,OS_ENTREGUES_DIA,15,"[4760, 'BETH', 'Não']",2025-04-15,MAUÁ,maua,abr_25.xlsx,4760
4732,BETH,Não,16,OS_ENTREGUES_DIA,15,"[4732, 'BETH', 'Não']",2025-04-15,MAUÁ,maua,abr_25.xlsx,4732
4854,BETH,Não,15,OS_ENTREGUES_DIA,16,"[4854, 'BETH', 'Não']",2025-04-16,MAUÁ,maua,abr_25.xlsx,4854
4848,BETH,Não,15,OS_ENTREGUES_DIA,17,"[4848, 'BETH', 'Não']",2025-04-17,MAUÁ,maua,abr_25.xlsx,4848
4800,BETH,Não,15,OS_ENTREGUES_DIA,25,"[4800, 'BETH', 'Não']",2025-04-25,MAUÁ,maua,abr_25.xlsx,4800
4860,BETH,Sim,16,OS_ENTREGUES_DIA,25,"[4860, 'BETH', 'Sim']",2025-04-25,MAUÁ,maua,abr_25.xlsx,4860
4856,BETH,Não,17,OS_ENTREGUES_DIA,25,"[4856, 'BETH', 'Não']",2025-04-25,MAUÁ,maua,abr_25.xlsx,4856
4849,BETH,Sim,15,OS_ENTREGUES_DIA,28,"[4849, 'BETH', 'Sim']",2025-04-28,MAUÁ,maua,abr_25.xlsx,4849
4850,BETH,Sim,16,OS_ENTREGUES_DIA,28,"[4850, 'BETH', 'Sim']",2025-04-28,MAUÁ,maua,abr_25.xlsx,4850
4852,BETH,Não,17,OS_ENTREGUES_DIA,28,"[4852, 'BETH', 'Não']",2025-04-28,MAUÁ,maua,abr_25.xlsx,4852
4799,BETH,Não,15,OS_ENTREGUES_DIA,30,"[4799, 'BETH', 'Não']",2025-04-30,MAUÁ,maua,abr_25.xlsx,4799
4383,BETH,,15,OS_ENTREGUES_DIA,1,"[4383, 'BETH', '']",2024-08-01,,maua,ago_24.xlsx,4383
4373,BETH,,16,OS_ENTREGUES_DIA,1,"[4373, 'BETH', '']",2024-08-01,,maua,ago_24.xlsx,4373
4381,LARISSA,Não,15,OS_ENTREGUES_DIA,2,"[4381, 'LARISSA', 'Não']",2024-08-02,,maua,ago_24.xlsx,4381
4382,LARISSA,Não,16,OS_ENTREGUES_DIA,2,"[4382, 'LARISSA', 'Não']",2024-08-02,,maua,ago_24.xlsx,4382
4330,BETH,Não,17,OS_ENTREGUES_DIA,2,"[4330, 'BETH', 'Não']",2024-08-02,,maua,ago_24.xlsx,4330
4369,BETH,Não,18,OS_ENTREGUES_DIA,2,"[4369, 'BETH', 'Não']",2024-08-02,,maua,ago_24.xlsx,4369
4386,BETH,Não,15,OS_ENTREGUES_DIA,3,"[4386, 'BETH', 'Não']",2024-08-03,,maua,ago_24.xlsx,4386
4300,BETH,Não,15,OS_ENTREGUES_DIA,5,"[4300, 'BETH', 'Não']",2024-08-05,,maua,ago_24.xlsx,4300
4361,BETH,Sim,16,OS_ENTREGUES_DIA,5,"[4361, 'BETH', 'Sim']",2024-08-05,,maua,ago_24.xlsx,4361
4362,BETH,Sim,17,OS_ENTREGUES_DIA,5,"[4362, 'BETH', 'Sim']",2024-08-05,,maua,ago_24.xlsx,4362
4384,BETH,Não,18,OS_ENTREGUES_DIA,5,"[4384, 'BETH', 'Não']",2024-08-05,,maua,ago_24.xlsx,4384
4313,TATY,Sim,15,OS_ENTREGUES_DIA,6,"[4313, 'TATY', 'Sim']",2024-08-06,,maua,ago_24.xlsx,4313
4357,BETH,Sim,16,OS_ENTREGUES_DIA,6,"[4357, 'BETH', 'Sim']",2024-08-06,,maua,ago_24.xlsx,4357
4356,BETH,Sim,15,OS_ENTREGUES_DIA,7,"[4356, 'BETH', 'Sim']",2024-08-07,,maua,ago_24.xlsx,4356
4378,BETH,Não,15,OS_ENTREGUES_DIA,8,"[4378, 'BETH', 'Não']",2024-08-08,,maua,ago_24.xlsx,4378
4387,BETH,Não,16,OS_ENTREGUES_DIA,8,"[4387, 'BETH', 'Não']",2024-08-08,,maua,ago_24.xlsx,4387
4393,BETH,Não,17,OS_ENTREGUES_DIA,8,"[4393, 'BETH', 'Não']",2024-08-08,,maua,ago_24.xlsx,4393
4359,BETH,Não,15,OS_ENTREGUES_DIA,9,"[4359, 'BETH', 'Não']",2024-08-09,,maua,ago_24.xlsx,4359
4347,BETH,Sim,15,OS_ENTREGUES_DIA,10,"[4347, 'BETH', 'Sim']",2024-08-10,,maua,ago_24.xlsx,4347
4358,BETH,Não,16,OS_ENTREGUES_DIA,10,"[4358, 'BETH', 'Não']",2024-08-10,,maua,ago_24.xlsx,4358
4360,BETH,Não,17,OS_ENTREGUES_DIA,10,"[4360, 'BETH', 'Não']",2024-08-10,,maua,ago_24.xlsx,4360
4380,BETH,Não,15,OS_ENTREGUES_DIA,12,"[4380, 'BETH', 'Não']",2024-08-12,,maua,ago_24.xlsx,4380
4370,BETH,Sim,15,OS_ENTREGUES_DIA,14,"[4370, 'BETH', 'Sim']",2024-08-14,,maua,ago_24.xlsx,4370
4374,BETH,Não,16,OS_ENTREGUES_DIA,14,"[4374, 'BETH', 'Não']",2024-08-14,,maua,ago_24.xlsx,4374
4385,BETH,Não,17,OS_ENTREGUES_DIA,14,"[4385, 'BETH', 'Não']",2024-08-14,,maua,ago_24.xlsx,4385
4338,BETH,Não,15,OS_ENTREGUES_DIA,15,"[4338, 'BETH', 'Não']",2024-08-15,,maua,ago_24.xlsx,4338
4339,BETH,Não,16,OS_ENTREGUES_DIA,15,"[4339, 'BETH', 'Não']",2024-08-15,,maua,ago_24.xlsx,4339
4388,LARISSA,Não,17,OS_ENTREGUES_DIA,15,"[4388, 'LARISSA', 'Não']",2024-08-15,,maua,ago_24.xlsx,4388
4395,BETH,Não,18,OS_ENTREGUES_DIA,15,"[4395, 'BETH', 'Não']",2024-08-15,,maua,ago_24.xlsx,4395
4397,LARISSA,Não,15,OS_ENTREGUES_DIA,17,"[4397, 'LARISSA', 'Não']",2024-08-17,,maua,ago_24.xlsx,4397
4398,BETH,Não,16,OS_ENTREGUES_DIA,17,"[4398, 'BETH', 'Não']",2024-08-17,,maua,ago_24.xlsx,4398
4405,BETH,Sim,15,OS_ENTREGUES_DIA,19,"[4405, 'BETH', 'Sim']",2024-08-19,,maua,ago_24.xlsx,4405
4366,BETH,Não,15,OS_ENTREGUES_DIA,20,"[4366, 'BETH', 'Não']",2024-08-20,,maua,ago_24.xlsx,4366
4408,BETH,Não,15,OS_ENTREGUES_DIA,21,"[4408, 'BETH', 'Não']",2024-08-21,,maua,ago_24.xlsx,4408
4416,BETH,Não,15,OS_ENTREGUES_DIA,28,"[4416, 'BETH', 'Não']",2024-08-28,,maua,ago_24.xlsx,4416
4425,BETH,Não,15,OS_ENTREGUES_DIA,22,"[4425, 'BETH', 'Não']",2024-08-22,,maua,ago_24.xlsx,4425
4413,BETH,Sim,15,OS_ENTREGUES_DIA,23,"[4413, 'BETH', 'Sim']",2024-08-23,,maua,ago_24.xlsx,4413
4414,BETH,Não,16,OS_ENTREGUES_DIA,23,"[4414, 'BETH', 'Não']",2024-08-23,,maua,ago_24.xlsx,4414
4410,BETH,Não,17,OS_ENTREGUES_DIA,23,"[4410, 'BETH', 'Não']",2024-08-23,,maua,ago_24.xlsx,4410
4407,BETH,Não,18,OS_ENTREGUES_DIA,23,"[4407, 'BETH', 'Não']",2024-08-23,,maua,ago_24.xlsx,4407
4396,BETH,Não,15,OS_ENTREGUES_DIA,24,"[4396, 'BETH', 'Não']",2024-08-24,,maua,ago_24.xlsx,4396
4406,BETH,Sim,15,OS_ENTREGUES_DIA,26,"[4406, 'BETH', 'Sim']",2024-08-26,,maua,ago_24.xlsx,4406
4416,BETH,Não,16,OS_ENTREGUES_DIA,26,"[4416, 'BETH', 'Não']",2024-08-26,,maua,ago_24.xlsx,4416
4371,BETH,Sim,15,OS_ENTREGUES_DIA,27,"[4371, 'BETH', 'Sim']",2024-08-27,,maua,ago_24.xlsx,4371
4341,BETH,Não,15,OS_ENTREGUES_DIA,30,"[4341, 'BETH', 'Não']",2024-08-30,,maua,ago_24.xlsx,4341
4427,BETH,Não,16,OS_ENTREGUES_DIA,30,"[4427, 'BETH', 'Não']",2024-08-30,,maua,ago_24.xlsx,4427
4442,BETH,Não,17,OS_ENTREGUES_DIA,30,"[4442, 'BETH', 'Não']",2024-08-30,,maua,ago_24.xlsx,4442
4443,BETH,Sim,15,OS_ENTREGUES_DIA,31,"[4443, 'BETH', 'Sim']",2024-08-31,,maua,ago_24.xlsx,4443
4418,BETH,Não,16,OS_ENTREGUES_DIA,31,"[4418, 'BETH', 'Não']",2024-08-31,,maua,ago_24.xlsx,4418
4416,BETH,Não,17,OS_ENTREGUES_DIA,31,"[4416, 'BETH', 'Não']",2024-08-31,,maua,ago_24.xlsx,4416
3811,Maria Elizabeth,Sim,15,OS_ENTREGUES_DIA,2,"[3811, 'Maria Elizabeth', 'Sim']",2023-12-02,,maua,dez_23.xlsx,3811
3908,Maria Elizabeth,Não,15,OS_ENTREGUES_DIA,4,"[3908, 'Maria Elizabeth', 'Não']",2023-12-04,,maua,dez_23.xlsx,3908
3903,Maria da Silva Ozorio,Não,16,OS_ENTREGUES_DIA,4,"[3903, 'Maria da Silva Ozorio', 'Não']",2023-12-04,,maua,dez_23.xlsx,3903
3897,Erica de Cassia Jesus Silva,Não,15,OS_ENTREGUES_DIA,6,"[3897, 'Erica de Cassia Jesus Silva', 'Não']",2023-12-06,,maua,dez_23.xlsx,3897
3905,Maria Elizebeth,Não,15,OS_ENTREGUES_DIA,7,"[3905, 'Maria Elizebeth', 'Não']",2023-12-07,,maua,dez_23.xlsx,3905
3867,Maria Elizebeth,Sim,16,OS_ENTREGUES_DIA,7,"[3867, 'Maria Elizebeth', 'Sim']",2023-12-07,,maua,dez_23.xlsx,3867
3907,BETH,Não,15,OS_ENTREGUES_DIA,11,"[3907, 'BETH', 'Não']",2023-12-11,,maua,dez_23.xlsx,3907
3898,BETH,Não,15,OS_ENTREGUES_DIA,12,"[3898, 'BETH', 'Não']",2023-12-12,,maua,dez_23.xlsx,3898
3909,BETH,Não,15,OS_ENTREGUES_DIA,13,"[3909, 'BETH', 'Não']",2023-12-13,,maua,dez_23.xlsx,3909
3910,BETH,Não,16,OS_ENTREGUES_DIA,13,"[3910, 'BETH', 'Não']",2023-12-13,,maua,dez_23.xlsx,3910
3920,BETH,Não,15,OS_ENTREGUES_DIA,14,"[3920, 'BETH', 'Não']",2023-12-14,,maua,dez_23.xlsx,3920
3912,BETH,Não,16,OS_ENTREGUES_DIA,14,"[3912, 'BETH', 'Não']",2023-12-14,,maua,dez_23.xlsx,3912
3922,BETH,Não,17,OS_ENTREGUES_DIA,14,"[3922, 'BETH', 'Não']",2023-12-14,,maua,dez_23.xlsx,3922
3941,BETH,Não,15,OS_ENTREGUES_DIA,15,"[3941, 'BETH', 'Não']",2023-12-15,,maua,dez_23.xlsx,3941
3915,BETH,Não,16,OS_ENTREGUES_DIA,15,"[3915, 'BETH', 'Não']",2023-12-15,,maua,dez_23.xlsx,3915
3921,BETH,Não,15,OS_ENTREGUES_DIA,19,"[3921, 'BETH', 'Não']",2023-12-19,,maua,dez_23.xlsx,3921
3903,BETH,Não,16,OS_ENTREGUES_DIA,19,"[3903, 'BETH', 'Não']",2023-12-19,,maua,dez_23.xlsx,3903
3919,BETH,Sim,17,OS_ENTREGUES_DIA,19,"[3919, 'BETH', 'Sim']",2023-12-19,,maua,dez_23.xlsx,3919
3937,BETH,Não,15,OS_ENTREGUES_DIA,20,"[3937, 'BETH', 'Não']",2023-12-20,,maua,dez_23.xlsx,3937
3929,BETH,Não,16,OS_ENTREGUES_DIA,20,"[3929, 'BETH', 'Não']",2023-12-20,,maua,dez_23.xlsx,3929
3930,BETH,Não,17,OS_ENTREGUES_DIA,20,"[3930, 'BETH', 'Não']",2023-12-20,,maua,dez_23.xlsx,3930
3931,BETH,Não,15,OS_ENTREGUES_DIA,21,"[3931, 'BETH', 'Não']",2023-12-21,,maua,dez_23.xlsx,3931
3925,BETH,Não,16,OS_ENTREGUES_DIA,21,"[3925, 'BETH', 'Não']",2023-12-21,,maua,dez_23.xlsx,3925
3950,BETH,Não,17,OS_ENTREGUES_DIA,21,"[3950, 'BETH', 'Não']",2023-12-21,,maua,dez_23.xlsx,3950
3951,BETH,Não,18,OS_ENTREGUES_DIA,21,"[3951, 'BETH', 'Não']",2023-12-21,,maua,dez_23.xlsx,3951
3897,BETH,Não,15,OS_ENTREGUES_DIA,22,"[3897, 'BETH', 'Não']",2023-12-22,,maua,dez_23.xlsx,3897
3913,BETH,Não,16,OS_ENTREGUES_DIA,22,"[3913, 'BETH', 'Não']",2023-12-22,,maua,dez_23.xlsx,3913
3897,BETH,Não,17,OS_ENTREGUES_DIA,22,"[3897, 'BETH', 'Não']",2023-12-22,,maua,dez_23.xlsx,3897
3947,BETH,Não,15,OS_ENTREGUES_DIA,27,"[3947, 'BETH', 'Não']",2023-12-27,,maua,dez_23.xlsx,3947
3946,BETH,Não,15,OS_ENTREGUES_DIA,28,"[3946, 'BETH', 'Não']",2023-12-28,,maua,dez_23.xlsx,3946
3962,BETH,Não,16,OS_ENTREGUES_DIA,28,"[3962, 'BETH', 'Não']",2023-12-28,,maua,dez_23.xlsx,3962
3963,BETH,Sim,15,OS_ENTREGUES_DIA,30,"[3963, 'BETH', 'Sim']",2023-12-30,,maua,dez_23.xlsx,3963
3928,BETH,Não,16,OS_ENTREGUES_DIA,30,"[3928, 'BETH', 'Não']",2023-12-30,,maua,dez_23.xlsx,3928
3972,BETH,Sim,17,OS_ENTREGUES_DIA,30,"[3972, 'BETH', 'Sim']",2023-12-30,,maua,dez_23.xlsx,3972
3945,BETH,Não,18,OS_ENTREGUES_DIA,30,"[3945, 'BETH', 'Não']",2023-12-30,,maua,dez_23.xlsx,3945
4636,LARISSA,Não,15,OS_ENTREGUES_DIA,2,"[4636, 'LARISSA', 'Não']",2024-12-02,,maua,dez_24.xlsx,4636
4623,LARISSA,Não,15,OS_ENTREGUES_DIA,3,"[4623, 'LARISSA', 'Não']",2024-12-03,,maua,dez_24.xlsx,4623
4638,BETH,Não,16,OS_ENTREGUES_DIA,3,"[4638, 'BETH', 'Não']",2024-12-03,,maua,dez_24.xlsx,4638
4639,BETH,Não,17,OS_ENTREGUES_DIA,3,"[4639, 'BETH', 'Não']",2024-12-03,,maua,dez_24.xlsx,4639
4622,LARISSA,Não,15,OS_ENTREGUES_DIA,5,"[4622, 'LARISSA', 'Não']",2024-12-05,,maua,dez_24.xlsx,4622
4644,LARISSA,Não,16,OS_ENTREGUES_DIA,5,"[4644, 'LARISSA', 'Não']",2024-12-05,,maua,dez_24.xlsx,4644
4645,LARISSA,Não,17,OS_ENTREGUES_DIA,5,"[4645, 'LARISSA', 'Não']",2024-12-05,,maua,dez_24.xlsx,4645
4629,BETH,Sim,15,OS_ENTREGUES_DIA,6,"[4629, 'BETH', 'Sim']",2024-12-06,,maua,dez_24.xlsx,4629
4634,LARISSA,Não,16,OS_ENTREGUES_DIA,6,"[4634, 'LARISSA', 'Não']",2024-12-06,,maua,dez_24.xlsx,4634
4635,BETH,Não,17,OS_ENTREGUES_DIA,6,"[4635, 'BETH', 'Não']",2024-12-06,,maua,dez_24.xlsx,4635
4641,TATY,Sim,15,OS_ENTREGUES_DIA,7,"[4641, 'TATY', 'Sim']",2024-12-07,,maua,dez_24.xlsx,4641
4490,BETH,Não,15,OS_ENTREGUES_DIA,9,"[4490, 'BETH', 'Não']",2024-12-09,,maua,dez_24.xlsx,4490
4632,BETH,Não,16,OS_ENTREGUES_DIA,9,"[4632, 'BETH', 'Não']",2024-12-09,,maua,dez_24.xlsx,4632
4640,LARISSA,Sim,17,OS_ENTREGUES_DIA,9,"[4640, 'LARISSA', 'Sim']",2024-12-09,,maua,dez_24.xlsx,4640
4651,TATY,Sim,15,OS_ENTREGUES_DIA,11,"[4651, 'TATY', 'Sim']",2024-12-11,,maua,dez_24.xlsx,4651
4633,LARISSA,Não,15,OS_ENTREGUES_DIA,12,"[4633, 'LARISSA', 'Não']",2024-12-12,,maua,dez_24.xlsx,4633
4653,BETH,Não,15,OS_ENTREGUES_DIA,14,"[4653, 'BETH', 'Não']",2024-12-14,,maua,dez_24.xlsx,4653
4659,BETH,Não,16,OS_ENTREGUES_DIA,14,"[4659, 'BETH', 'Não']",2024-12-14,,maua,dez_24.xlsx,4659
4643,LARISSA,Não,15,OS_ENTREGUES_DIA,17,"[4643, 'LARISSA', 'Não']",2024-12-17,,maua,dez_24.xlsx,4643
4668,BETH,Não,15,OS_ENTREGUES_DIA,18,"[4668, 'BETH', 'Não']",2024-12-18,,maua,dez_24.xlsx,4668
4437,BETH,Não,16,OS_ENTREGUES_DIA,18,"[4437, 'BETH', 'Não']",2024-12-18,,maua,dez_24.xlsx,4437
4664,BETH,Não,17,OS_ENTREGUES_DIA,18,"[4664, 'BETH', 'Não']",2024-12-18,,maua,dez_24.xlsx,4664
4661,BETH,Não,15,OS_ENTREGUES_DIA,19,"[4661, 'BETH', 'Não']",2024-12-19,,maua,dez_24.xlsx,4661
4662,BETH,Não,16,OS_ENTREGUES_DIA,19,"[4662, 'BETH', 'Não']",2024-12-19,,maua,dez_24.xlsx,4662
4671,BETH,Não,17,OS_ENTREGUES_DIA,19,"[4671, 'BETH', 'Não']",2024-12-19,,maua,dez_24.xlsx,4671
4683,BETH,Não,15,OS_ENTREGUES_DIA,20,"[4683, 'BETH', 'Não']",2024-12-20,,maua,dez_24.xlsx,4683
4663,BETH,Não,16,OS_ENTREGUES_DIA,20,"[4663, 'BETH', 'Não']",2024-12-20,,maua,dez_24.xlsx,4663
4674,BETH,Não,17,OS_ENTREGUES_DIA,20,"[4674, 'BETH', 'Não']",2024-12-20,,maua,dez_24.xlsx,4674
4675,BETH,Não,18,OS_ENTREGUES_DIA,20,"[4675, 'BETH', 'Não']",2024-12-20,,maua,dez_24.xlsx,4675
4665,BETH,Não,15,OS_ENTREGUES_DIA,21,"[4665, 'BETH', 'Não']",2024-12-21,,maua,dez_24.xlsx,4665
4600,BETH,Sim,15,OS_ENTREGUES_DIA,24,"[4600, 'BETH', 'Sim']",2024-12-24,,maua,dez_24.xlsx,4600
4654,BETH,Não,16,OS_ENTREGUES_DIA,24,"[4654, 'BETH', 'Não']",2024-12-24,,maua,dez_24.xlsx,4654
4694,BETH,Sim,17,OS_ENTREGUES_DIA,24,"[4694, 'BETH', 'Sim']",2024-12-24,,maua,dez_24.xlsx,4694
4672,TATY,Não,15,OS_ENTREGUES_DIA,27,"[4672, 'TATY', 'Não']",2024-12-27,,maua,dez_24.xlsx,4672
4673,TATY,Não,16,OS_ENTREGUES_DIA,27,"[4673, 'TATY', 'Não']",2024-12-27,,maua,dez_24.xlsx,4673
4656,BETH,Não,15,OS_ENTREGUES_DIA,30,"[4656, 'BETH', 'Não']",2024-12-30,,maua,dez_24.xlsx,4656
4689,BETH,Não,16,OS_ENTREGUES_DIA,30,"[4689, 'BETH', 'Não']",2024-12-30,,maua,dez_24.xlsx,4689
4652,BETH,Não,17,OS_ENTREGUES_DIA,30,"[4652, 'BETH', 'Não']",2024-12-30,,maua,dez_24.xlsx,4652
4013,beth,Não,15,OS_ENTREGUES_DIA,1,"[4013, 'beth', 'Não']",2024-02-01,,maua,fev_24.xlsx,4013
4028,beth,Não,16,OS_ENTREGUES_DIA,1,"[4028, 'beth', 'Não']",2024-02-01,,maua,fev_24.xlsx,4028
3992,beth,Não,17,OS_ENTREGUES_DIA,1,"[3992, 'beth', 'Não']",2024-02-01,,maua,fev_24.xlsx,3992
4010,BETH,Não,15,OS_ENTREGUES_DIA,2,"[4010, 'BETH', 'Não']",2024-02-02,,maua,fev_24.xlsx,4010
4007,BETH,Não,16,OS_ENTREGUES_DIA,2,"[4007, 'BETH', 'Não']",2024-02-02,,maua,fev_24.xlsx,4007
3996,BETH,Não,15,OS_ENTREGUES_DIA,3,"[3996, 'BETH', 'Não']",2024-02-03,,maua,fev_24.xlsx,3996
4006,beth,Não,15,OS_ENTREGUES_DIA,7,"[4006, 'beth', 'Não']",2024-02-07,,maua,fev_24.xlsx,4006
4018,beth,Não,16,OS_ENTREGUES_DIA,7,"[4018, 'beth', 'Não']",2024-02-07,,maua,fev_24.xlsx,4018
3991,BETH,Sim,15,OS_ENTREGUES_DIA,8,"[3991, 'BETH', 'Sim']",2024-02-08,,maua,fev_24.xlsx,3991
4019,BETH,Não,16,OS_ENTREGUES_DIA,8,"[4019, 'BETH', 'Não']",2024-02-08,,maua,fev_24.xlsx,4019
3988,BETH,Não,15,OS_ENTREGUES_DIA,9,"[3988, 'BETH', 'Não']",2024-02-09,,maua,fev_24.xlsx,3988
4011,BETH,Não,16,OS_ENTREGUES_DIA,9,"[4011, 'BETH', 'Não']",2024-02-09,,maua,fev_24.xlsx,4011
4002,BETH,Sim,17,OS_ENTREGUES_DIA,9,"[4002, 'BETH', 'Sim']",2024-02-09,,maua,fev_24.xlsx,4002
4045,BETH,Não,18,OS_ENTREGUES_DIA,9,"[4045, 'BETH', 'Não']",2024-02-09,,maua,fev_24.xlsx,4045
4031,BETH,Sim,15,OS_ENTREGUES_DIA,10,"[4031, 'BETH', 'Sim']",2024-02-10,,maua,fev_24.xlsx,4031
4032,BETH,Sim,16,OS_ENTREGUES_DIA,10,"[4032, 'BETH', 'Sim']",2024-02-10,,maua,fev_24.xlsx,4032
3990,BETH,Não,17,OS_ENTREGUES_DIA,10,"[3990, 'BETH', 'Não']",2024-02-10,,maua,fev_24.xlsx,3990
4043,beth,Não,15,OS_ENTREGUES_DIA,14,"[4043, 'beth', 'Não']",2024-02-14,,maua,fev_24.xlsx,4043
4044,beth,Não,16,OS_ENTREGUES_DIA,14,"[4044, 'beth', 'Não']",2024-02-14,,maua,fev_24.xlsx,4044
4014,BETH,Sim,15,OS_ENTREGUES_DIA,15,"[4014, 'BETH', 'Sim']",2024-02-15,,maua,fev_24.xlsx,4014
4015,BETH,SIM,16,OS_ENTREGUES_DIA,15,"[4015, 'BETH', 'SIM']",2024-02-15,,maua,fev_24.xlsx,4015
4016,BETH,Sim,17,OS_ENTREGUES_DIA,15,"[4016, 'BETH', 'Sim']",2024-02-15,,maua,fev_24.xlsx,4016
4017,BETH,Sim,18,OS_ENTREGUES_DIA,15,"[4017, 'BETH', 'Sim']",2024-02-15,,maua,fev_24.xlsx,4017
4058,BETH,Não,19,OS_ENTREGUES_DIA,15,"[4058, 'BETH', 'Não']",2024-02-15,,maua,fev_24.xlsx,4058
4059,BETH,Não,20,OS_ENTREGUES_DIA,15,"[4059, 'BETH', 'Não']",2024-02-15,,maua,fev_24.xlsx,4059
3987,BETH,Não,15,OS_ENTREGUES_DIA,17,"[3987, 'BETH', 'Não']",2024-02-17,,maua,fev_24.xlsx,3987
4052,BETH,Não,16,OS_ENTREGUES_DIA,17,"[4052, 'BETH', 'Não']",2024-02-17,,maua,fev_24.xlsx,4052
4065,BETH,Não,17,OS_ENTREGUES_DIA,17,"[4065, 'BETH', 'Não']",2024-02-17,,maua,fev_24.xlsx,4065
4056,BETH,Não,15,OS_ENTREGUES_DIA,19,"[4056, 'BETH', 'Não']",2024-02-19,,maua,fev_24.xlsx,4056
4040,BETH,Não,16,OS_ENTREGUES_DIA,19,"[4040, 'BETH', 'Não']",2024-02-19,,maua,fev_24.xlsx,4040
4041,BETH,Não,17,OS_ENTREGUES_DIA,19,"[4041, 'BETH', 'Não']",2024-02-19,,maua,fev_24.xlsx,4041
4047,BETH,Não,15,OS_ENTREGUES_DIA,20,"[4047, 'BETH', 'Não']",2024-02-20,,maua,fev_24.xlsx,4047
4060,BETH,Não,16,OS_ENTREGUES_DIA,20,"[4060, 'BETH', 'Não']",2024-02-20,,maua,fev_24.xlsx,4060
4054,BETH,Não,17,OS_ENTREGUES_DIA,20,"[4054, 'BETH', 'Não']",2024-02-20,,maua,fev_24.xlsx,4054
4042,BETH,Não,15,OS_ENTREGUES_DIA,21,"[4042, 'BETH', 'Não']",2024-02-21,,maua,fev_24.xlsx,4042
4038,BETH,Sim,16,OS_ENTREGUES_DIA,21,"[4038, 'BETH', 'Sim']",2024-02-21,,maua,fev_24.xlsx,4038
4033,BETH,Sim,15,OS_ENTREGUES_DIA,22,"[4033, 'BETH', 'Sim']",2024-02-22,,maua,fev_24.xlsx,4033
4029,beth,Não,15,OS_ENTREGUES_DIA,24,"[4029, 'beth', 'Não']",2024-02-24,,maua,fev_24.xlsx,4029
4057,BETH,Sim,15,OS_ENTREGUES_DIA,26,"[4057, 'BETH', 'Sim']",2024-02-26,,maua,fev_24.xlsx,4057
4064,BETH,Não,15,OS_ENTREGUES_DIA,28,"[4064, 'BETH', 'Não']",2024-02-28,,maua,fev_24.xlsx,4064
4051,BETH,Não,16,OS_ENTREGUES_DIA,28,"[4051, 'BETH', 'Não']",2024-02-28,,maua,fev_24.xlsx,4051
4039,BETH,Não,17,OS_ENTREGUES_DIA,28,"[4039, 'BETH', 'Não']",2024-02-28,,maua,fev_24.xlsx,4039
4050,BETH,Não,18,OS_ENTREGUES_DIA,28,"[4050, 'BETH', 'Não']",2024-02-28,,maua,fev_24.xlsx,4050
4061,BETH,Não,15,OS_ENTREGUES_DIA,29,"[4061, 'BETH', 'Não']",2024-02-29,,maua,fev_24.xlsx,4061
4027,beth,Não,16,OS_ENTREGUES_DIA,29,"[4027, 'beth', 'Não']",2024-02-29,,maua,fev_24.xlsx,4027
4066,BETH,Não,17,OS_ENTREGUES_DIA,29,"[4066, 'BETH', 'Não']",2024-02-29,,maua,fev_24.xlsx,4066
4067,BETH,Não,18,OS_ENTREGUES_DIA,29,"[4067, 'BETH', 'Não']",2024-02-29,,maua,fev_24.xlsx,4067
4706,BETH,Não,15,OS_ENTREGUES_DIA,1,"[4706, 'BETH', 'Não']",2025-02-01,,maua,fev_25.xlsx,4706
4719,BETH,Sim,16,OS_ENTREGUES_DIA,1,"[4719, 'BETH', 'Sim']",2025-02-01,,maua,fev_25.xlsx,4719
4744,BETH,Não,15,OS_ENTREGUES_DIA,3,"[4744, 'BETH', 'Não']",2025-02-03,,maua,fev_25.xlsx,4744
4736,BETH,Não,15,OS_ENTREGUES_DIA,4,"[4736, 'BETH', 'Não']",2025-02-04,,maua,fev_25.xlsx,4736
4747,BETH,Não,16,OS_ENTREGUES_DIA,4,"[4747, 'BETH', 'Não']",2025-02-04,,maua,fev_25.xlsx,4747
4715,BETH,não,15,OS_ENTREGUES_DIA,5,"[4715, 'BETH', 'não']",2025-02-05,,maua,fev_25.xlsx,4715
4721,BETH,não,16,OS_ENTREGUES_DIA,5,"[4721, 'BETH', 'não']",2025-02-05,,maua,fev_25.xlsx,4721
4743,BETH,Não,15,OS_ENTREGUES_DIA,6,"[4743, 'BETH', 'Não']",2025-02-06,,maua,fev_25.xlsx,4743
4757,BETH,Não,16,OS_ENTREGUES_DIA,6,"[4757, 'BETH', 'Não']",2025-02-06,,maua,fev_25.xlsx,4757
4751,BETH,Não,15,OS_ENTREGUES_DIA,7,"[4751, 'BETH', 'Não']",2025-02-07,,maua,fev_25.xlsx,4751
4735,BETH,Não,16,OS_ENTREGUES_DIA,7,"[4735, 'BETH', 'Não']",2025-02-07,,maua,fev_25.xlsx,4735
4708,BETH,Não,17,OS_ENTREGUES_DIA,7,"[4708, 'BETH', 'Não']",2025-02-07,,maua,fev_25.xlsx,4708
4731,BETH,Não,18,OS_ENTREGUES_DIA,7,"[4731, 'BETH', 'Não']",2025-02-07,,maua,fev_25.xlsx,4731
4737,BETH,Não,19,OS_ENTREGUES_DIA,7,"[4737, 'BETH', 'Não']",2025-02-07,,maua,fev_25.xlsx,4737
4729,BETH,Não,15,OS_ENTREGUES_DIA,8,"[4729, 'BETH', 'Não']",2025-02-08,,maua,fev_25.xlsx,4729
4734,BETH,Não,16,OS_ENTREGUES_DIA,8,"[4734, 'BETH', 'Não']",2025-02-08,,maua,fev_25.xlsx,4734
4657,BETH,Não,17,OS_ENTREGUES_DIA,8,"[4657, 'BETH', 'Não']",2025-02-08,,maua,fev_25.xlsx,4657
4723,BETH,Não,18,OS_ENTREGUES_DIA,8,"[4723, 'BETH', 'Não']",2025-02-08,,maua,fev_25.xlsx,4723
4752,BETH,Não,15,OS_ENTREGUES_DIA,11,"[4752, 'BETH', 'Não']",2025-02-11,,maua,fev_25.xlsx,4752
4749,BETH,Não,15,OS_ENTREGUES_DIA,12,"[4749, 'BETH', 'Não']",2025-02-12,,maua,fev_25.xlsx,4749
4750,BETH,Não,16,OS_ENTREGUES_DIA,12,"[4750, 'BETH', 'Não']",2025-02-12,,maua,fev_25.xlsx,4750
4649,LARISSA,Não,15,OS_ENTREGUES_DIA,15,"[4649, 'LARISSA', 'Não']",2025-02-15,,maua,fev_25.xlsx,4649
4720,BETH,Não,16,OS_ENTREGUES_DIA,15,"[4720, 'BETH', 'Não']",2025-02-15,,maua,fev_25.xlsx,4720
4741,BETH,Sim,17,OS_ENTREGUES_DIA,15,"[4741, 'BETH', 'Sim']",2025-02-15,,maua,fev_25.xlsx,4741
4742,BETH,Não,18,OS_ENTREGUES_DIA,15,"[4742, 'BETH', 'Não']",2025-02-15,,maua,fev_25.xlsx,4742
4770,BETH,Não,19,OS_ENTREGUES_DIA,15,"[4770, 'BETH', 'Não']",2025-02-15,,maua,fev_25.xlsx,4770
4739,BETH,Não,15,OS_ENTREGUES_DIA,17,"[4739, 'BETH', 'Não']",2025-02-17,,maua,fev_25.xlsx,4739
4760,BETH,Não,16,OS_ENTREGUES_DIA,17,"[4760, 'BETH', 'Não']",2025-02-17,,maua,fev_25.xlsx,4760
4158,BETH,Sim,17,OS_ENTREGUES_DIA,17,"[4158, 'BETH', 'Sim']",2025-02-17,,maua,fev_25.xlsx,4158
4776,BETH,Não,18,OS_ENTREGUES_DIA,17,"[4776, 'BETH', 'Não']",2025-02-17,,maua,fev_25.xlsx,4776
4753,BETH,Não,15,OS_ENTREGUES_DIA,18,"[4753, 'BETH', 'Não']",2025-02-18,,maua,fev_25.xlsx,4753
4781,TATY,Não,15,OS_ENTREGUES_DIA,19,"[4781, 'TATY', 'Não']",2025-02-19,,maua,fev_25.xlsx,4781
4784,TATY,Não,15,OS_ENTREGUES_DIA,20,"[4784, 'TATY', 'Não']",2025-02-20,,maua,fev_25.xlsx,4784
4782,TATY,Não,16,OS_ENTREGUES_DIA,20,"[4782, 'TATY', 'Não']",2025-02-20,,maua,fev_25.xlsx,4782
4762,taty,Não,15,OS_ENTREGUES_DIA,21,"[4762, 'taty', 'Não']",2025-02-21,,maua,fev_25.xlsx,4762
4758,TATY,Não,16,OS_ENTREGUES_DIA,21,"[4758, 'TATY', 'Não']",2025-02-21,,maua,fev_25.xlsx,4758
4788,BETH,Não,15,OS_ENTREGUES_DIA,22,"[4788, 'BETH', 'Não']",2025-02-22,,maua,fev_25.xlsx,4788
4772,BETH,Não,16,OS_ENTREGUES_DIA,22,"[4772, 'BETH', 'Não']",2025-02-22,,maua,fev_25.xlsx,4772
4763,BETH,Não,17,OS_ENTREGUES_DIA,22,"[4763, 'BETH', 'Não']",2025-02-22,,maua,fev_25.xlsx,4763
4761,BETH,Não,18,OS_ENTREGUES_DIA,22,"[4761, 'BETH', 'Não']",2025-02-22,,maua,fev_25.xlsx,4761
4775,BETH,Não,19,OS_ENTREGUES_DIA,22,"[4775, 'BETH', 'Não']",2025-02-22,,maua,fev_25.xlsx,4775
4778,BETH,Não,20,OS_ENTREGUES_DIA,22,"[4778, 'BETH', 'Não']",2025-02-22,,maua,fev_25.xlsx,4778
4765,BETH,Não,21,OS_ENTREGUES_DIA,22,"[4765, 'BETH', 'Não']",2025-02-22,,maua,fev_25.xlsx,4765
4777,BETH,Não,22,OS_ENTREGUES_DIA,22,"[4777, 'BETH', 'Não']",2025-02-22,,maua,fev_25.xlsx,4777
4754,BETH,Não,15,OS_ENTREGUES_DIA,24,"[4754, 'BETH', 'Não']",2025-02-24,,maua,fev_25.xlsx,4754
4779,TATY,Não,16,OS_ENTREGUES_DIA,24,"[4779, 'TATY', 'Não']",2025-02-24,,maua,fev_25.xlsx,4779
4783,TATY,Não,17,OS_ENTREGUES_DIA,24,"[4783, 'TATY', 'Não']",2025-02-24,,maua,fev_25.xlsx,4783
4730,BETH,Não,15,OS_ENTREGUES_DIA,25,"[4730, 'BETH', 'Não']",2025-02-25,,maua,fev_25.xlsx,4730
4766,BETH,Não,16,OS_ENTREGUES_DIA,25,"[4766, 'BETH', 'Não']",2025-02-25,,maua,fev_25.xlsx,4766
4773,BETH,Não,17,OS_ENTREGUES_DIA,25,"[4773, 'BETH', 'Não']",2025-02-25,,maua,fev_25.xlsx,4773
4794,BETH,Não,15,OS_ENTREGUES_DIA,26,"[4794, 'BETH', 'Não']",2025-02-26,,maua,fev_25.xlsx,4794
4795,BETH,Não,15,OS_ENTREGUES_DIA,27,"[4795, 'BETH', 'Não']",2025-02-27,,maua,fev_25.xlsx,4795
4796,BETH,Não,16,OS_ENTREGUES_DIA,27,"[4796, 'BETH', 'Não']",2025-02-27,,maua,fev_25.xlsx,4796
4774,BETH,Não,17,OS_ENTREGUES_DIA,27,"[4774, 'BETH', 'Não']",2025-02-27,,maua,fev_25.xlsx,4774
4764,BETH,Sim,15,OS_ENTREGUES_DIA,28,"[4764, 'BETH', 'Sim']",2025-02-28,,maua,fev_25.xlsx,4764
4786,BETH,Não,16,OS_ENTREGUES_DIA,28,"[4786, 'BETH', 'Não']",2025-02-28,,maua,fev_25.xlsx,4786
3924,BETH,Não,15,OS_ENTREGUES_DIA,3,"[3924, 'BETH', 'Não']",2024-01-03,,maua,jan_24.xlsx,3924
3949,BETH,NÃO,15,OS_ENTREGUES_DIA,5,"[3949, 'BETH', 'NÃO']",2024-01-05,,maua,jan_24.xlsx,3949
3910,BETH,Não,15,OS_ENTREGUES_DIA,4,"[3910, 'BETH', 'Não']",2024-01-04,,maua,jan_24.xlsx,3910
3917,BETH,Não,15,OS_ENTREGUES_DIA,6,"[3917, 'BETH', 'Não']",2024-01-06,,maua,jan_24.xlsx,3917
3900,BETH,Não,16,OS_ENTREGUES_DIA,6,"[3900, 'BETH', 'Não']",2024-01-06,,maua,jan_24.xlsx,3900
3989,BETH,Não,15,OS_ENTREGUES_DIA,8,"[3989, 'BETH', 'Não']",2024-01-08,,maua,jan_24.xlsx,3989
3960,BETH,Não,15,OS_ENTREGUES_DIA,9,"[3960, 'BETH', 'Não']",2024-01-09,,maua,jan_24.xlsx,3960
3958,BETH,Não,15,OS_ENTREGUES_DIA,10,"[3958, 'BETH', 'Não']",2024-01-10,,maua,jan_24.xlsx,3958
3877,BETH,Nao,16,OS_ENTREGUES_DIA,10,"[3877, 'BETH', 'Nao']",2024-01-10,,maua,jan_24.xlsx,3877
3974,BETH,Não,17,OS_ENTREGUES_DIA,10,"[3974, 'BETH', 'Não']",2024-01-10,,maua,jan_24.xlsx,3974
3975,BETH,Não,18,OS_ENTREGUES_DIA,10,"[3975, 'BETH', 'Não']",2024-01-10,,maua,jan_24.xlsx,3975
3978,BETH,Não,19,OS_ENTREGUES_DIA,10,"[3978, 'BETH', 'Não']",2024-01-10,,maua,jan_24.xlsx,3978
3979,BETH,Não,20,OS_ENTREGUES_DIA,10,"[3979, 'BETH', 'Não']",2024-01-10,,maua,jan_24.xlsx,3979
3971,BETH,Sim,15,OS_ENTREGUES_DIA,11,"[3971, 'BETH', 'Sim']",2024-01-11,,maua,jan_24.xlsx,3971
3954,BETH,Não,16,OS_ENTREGUES_DIA,11,"[3954, 'BETH', 'Não']",2024-01-11,,maua,jan_24.xlsx,3954
3968,BETH,Sim,17,OS_ENTREGUES_DIA,11,"[3968, 'BETH', 'Sim']",2024-01-11,,maua,jan_24.xlsx,3968
3981,BETH,Não,15,OS_ENTREGUES_DIA,12,"[3981, 'BETH', 'Não']",2024-01-12,,maua,jan_24.xlsx,3981
3976,BETH,Não,16,OS_ENTREGUES_DIA,12,"[3976, 'BETH', 'Não']",2024-01-12,,maua,jan_24.xlsx,3976
3983,BETH,Sim,15,OS_ENTREGUES_DIA,13,"[3983, 'BETH', 'Sim']",2024-01-13,,maua,jan_24.xlsx,3983
3984,BETH,Sim,16,OS_ENTREGUES_DIA,13,"[3984, 'BETH', 'Sim']",2024-01-13,,maua,jan_24.xlsx,3984
3977,BETH,Sim,17,OS_ENTREGUES_DIA,13,"[3977, 'BETH', 'Sim']",2024-01-13,,maua,jan_24.xlsx,3977
3994,BETH,Não,18,OS_ENTREGUES_DIA,13,"[3994, 'BETH', 'Não']",2024-01-13,,maua,jan_24.xlsx,3994
3946,BETH,Não,19,OS_ENTREGUES_DIA,13,"[3946, 'BETH', 'Não']",2024-01-13,,maua,jan_24.xlsx,3946
3935,BETH,Sim,20,OS_ENTREGUES_DIA,13,"[3935, 'BETH', 'Sim']",2024-01-13,,maua,jan_24.xlsx,3935
3969,BETH,Sim,15,OS_ENTREGUES_DIA,20,"[3969, 'BETH', 'Sim']",2024-01-20,,maua,jan_24.xlsx,3969
3970,BETH,Sim,16,OS_ENTREGUES_DIA,20,"[3970, 'BETH', 'Sim']",2024-01-20,,maua,jan_24.xlsx,3970
3955,BETH,Não,15,OS_ENTREGUES_DIA,22,"[3955, 'BETH', 'Não']",2024-01-22,,maua,jan_24.xlsx,3955
4009,BETH,Não,16,OS_ENTREGUES_DIA,22,"[4009, 'BETH', 'Não']",2024-01-22,,maua,jan_24.xlsx,4009
4000,beth,Não,15,OS_ENTREGUES_DIA,24,"[4000, 'beth', 'Não']",2024-01-24,,maua,jan_24.xlsx,4000
3993,BETH,Não,15,OS_ENTREGUES_DIA,26,"[3993, 'BETH', 'Não']",2024-01-26,,maua,jan_24.xlsx,3993
4001,BETH,Não,16,OS_ENTREGUES_DIA,26,"[4001, 'BETH', 'Não']",2024-01-26,,maua,jan_24.xlsx,4001
4025,BETH,Não,17,OS_ENTREGUES_DIA,26,"[4025, 'BETH', 'Não']",2024-01-26,,maua,jan_24.xlsx,4025
4021,BETH,Sim,18,OS_ENTREGUES_DIA,26,"[4021, 'BETH', 'Sim']",2024-01-26,,maua,jan_24.xlsx,4021
3999,BETH,Sim,15,OS_ENTREGUES_DIA,27,"[3999, 'BETH', 'Sim']",2024-01-27,,maua,jan_24.xlsx,3999
3986,BETH,Não,16,OS_ENTREGUES_DIA,27,"[3986, 'BETH', 'Não']",2024-01-27,,maua,jan_24.xlsx,3986
3995,BETH,Não,17,OS_ENTREGUES_DIA,27,"[3995, 'BETH', 'Não']",2024-01-27,,maua,jan_24.xlsx,3995
4023,beth,Não,15,OS_ENTREGUES_DIA,29,"[4023, 'beth', 'Não']",2024-01-29,,maua,jan_24.xlsx,4023
4004,BETH,Sim,15,OS_ENTREGUES_DIA,30,"[4004, 'BETH', 'Sim']",2024-01-30,,maua,jan_24.xlsx,4004
4005,BETH,Não,16,OS_ENTREGUES_DIA,30,"[4005, 'BETH', 'Não']",2024-01-30,,maua,jan_24.xlsx,4005
3997,BETH,Não,17,OS_ENTREGUES_DIA,30,"[3997, 'BETH', 'Não']",2024-01-30,,maua,jan_24.xlsx,3997
4700,BETH,Não,15,OS_ENTREGUES_DIA,2,"[4700, 'BETH', 'Não']",2025-01-02,MAUÁ,maua,jan_25.xlsx,4700
4685,TATY,Sim,15,OS_ENTREGUES_DIA,3,"[4685, 'TATY', 'Sim']",2025-01-03,MAUÁ,maua,jan_25.xlsx,4685
4691,BETH,Não,15,OS_ENTREGUES_DIA,6,"[4691, 'BETH', 'Não']",2025-01-06,MAUÁ,maua,jan_25.xlsx,4691
4650,BETH,Não,15,OS_ENTREGUES_DIA,7,"[4650, 'BETH', 'Não']",2025-01-07,MAUÁ,maua,jan_25.xlsx,4650
4628,BETH,Sim,15,OS_ENTREGUES_DIA,8,"[4628, 'BETH', 'Sim']",2025-01-08,MAUÁ,maua,jan_25.xlsx,4628
4692,BETH,Não,16,OS_ENTREGUES_DIA,8,"[4692, 'BETH', 'Não']",2025-01-08,MAUÁ,maua,jan_25.xlsx,4692
4705,BETH,Não,15,OS_ENTREGUES_DIA,9,"[4705, 'BETH', 'Não']",2025-01-09,MAUÁ,maua,jan_25.xlsx,4705
4695,BETH,Não,15,OS_ENTREGUES_DIA,10,"[4695, 'BETH', 'Não']",2025-01-10,MAUÁ,maua,jan_25.xlsx,4695
4690,BETH,Não,15,OS_ENTREGUES_DIA,11,"[4690, 'BETH', 'Não']",2025-01-11,MAUÁ,maua,jan_25.xlsx,4690
4711,BETH,Não,16,OS_ENTREGUES_DIA,11,"[4711, 'BETH', 'Não']",2025-01-11,MAUÁ,maua,jan_25.xlsx,4711
4686,BETH,Não,15,OS_ENTREGUES_DIA,13,"[4686, 'BETH', 'Não']",2025-01-13,MAUÁ,maua,jan_25.xlsx,4686
4682,BETH,Não,16,OS_ENTREGUES_DIA,13,"[4682, 'BETH', 'Não']",2025-01-13,MAUÁ,maua,jan_25.xlsx,4682
4712,BETH,Sim,17,OS_ENTREGUES_DIA,13,"[4712, 'BETH', 'Sim']",2025-01-13,MAUÁ,maua,jan_25.xlsx,4712
4680,BETH,Não,15,OS_ENTREGUES_DIA,14,"[4680, 'BETH', 'Não']",2025-01-14,MAUÁ,maua,jan_25.xlsx,4680
4637,BETH,Não,15,OS_ENTREGUES_DIA,16,"[4637, 'BETH', 'Não']",2025-01-16,MAUÁ,maua,jan_25.xlsx,4637
4701,BETH,Não,15,OS_ENTREGUES_DIA,18,"[4701, 'BETH', 'Não']",2025-01-18,MAUÁ,maua,jan_25.xlsx,4701
4704,BETH,Não,16,OS_ENTREGUES_DIA,18,"[4704, 'BETH', 'Não']",2025-01-18,MAUÁ,maua,jan_25.xlsx,4704
4669,BETH,Não,15,OS_ENTREGUES_DIA,20,"[4669, 'BETH', 'Não']",2025-01-20,MAUÁ,maua,jan_25.xlsx,4669
4713,BETH,Não,16,OS_ENTREGUES_DIA,20,"[4713, 'BETH', 'Não']",2025-01-20,MAUÁ,maua,jan_25.xlsx,4713
4697,BETH,Sim,15,OS_ENTREGUES_DIA,21,"[4697, 'BETH', 'Sim']",2025-01-21,MAUÁ,maua,jan_25.xlsx,4697
4698,BETH,Sim,16,OS_ENTREGUES_DIA,21,"[4698, 'BETH', 'Sim']",2025-01-21,MAUÁ,maua,jan_25.xlsx,4698
4707,BETH,Não,17,OS_ENTREGUES_DIA,21,"[4707, 'BETH', 'Não']",2025-01-21,MAUÁ,maua,jan_25.xlsx,4707
4710,BETH,Sim,18,OS_ENTREGUES_DIA,21,"[4710, 'BETH', 'Sim']",2025-01-21,MAUÁ,maua,jan_25.xlsx,4710
4670,BETH,Não,15,OS_ENTREGUES_DIA,22,"[4670, 'BETH', 'Não']",2025-01-22,MAUÁ,maua,jan_25.xlsx,4670
4726,BETH,Não,16,OS_ENTREGUES_DIA,22,"[4726, 'BETH', 'Não']",2025-01-22,MAUÁ,maua,jan_25.xlsx,4726
4709,BETH,Sim,15,OS_ENTREGUES_DIA,23,"[4709, 'BETH', 'Sim']",2025-01-23,MAUÁ,maua,jan_25.xlsx,4709
4703,BETH,Não,16,OS_ENTREGUES_DIA,23,"[4703, 'BETH', 'Não']",2025-01-23,MAUÁ,maua,jan_25.xlsx,4703
4702,BETH,Não,15,OS_ENTREGUES_DIA,24,"[4702, 'BETH', 'Não']",2025-01-24,MAUÁ,maua,jan_25.xlsx,4702
4724,BETH,Não,16,OS_ENTREGUES_DIA,24,"[4724, 'BETH', 'Não']",2025-01-24,MAUÁ,maua,jan_25.xlsx,4724
4733,BETH,Não,15,OS_ENTREGUES_DIA,25,"[4733, 'BETH', 'Não']",2025-01-25,MAUÁ,maua,jan_25.xlsx,4733
4718,BETH,Não,15,OS_ENTREGUES_DIA,28,"[4718, 'BETH', 'Não']",2025-01-28,MAUÁ,maua,jan_25.xlsx,4718
4735,BETH,Não,15,OS_ENTREGUES_DIA,29,"[4735, 'BETH', 'Não']",2025-01-29,MAUÁ,maua,jan_25.xlsx,4735
4717,BETH,Não,15,OS_ENTREGUES_DIA,30,"[4717, 'BETH', 'Não']",2025-01-30,MAUÁ,maua,jan_25.xlsx,4717
4746,BETH,Não,16,OS_ENTREGUES_DIA,30,"[4746, 'BETH', 'Não']",2025-01-30,MAUÁ,maua,jan_25.xlsx,4746
4699,BETH,Não,17,OS_ENTREGUES_DIA,30,"[4699, 'BETH', 'Não']",2025-01-30,MAUÁ,maua,jan_25.xlsx,4699
4748,BETH,Não,18,OS_ENTREGUES_DIA,30,"[4748, 'BETH', 'Não']",2025-01-30,MAUÁ,maua,jan_25.xlsx,4748
4250,BETH,Não,15,OS_ENTREGUES_DIA,1,"[4250, 'BETH', 'Não']",2024-07-01,,maua,jul_24.xlsx,4250
4063,BETH,Não,16,OS_ENTREGUES_DIA,1,"[4063, 'BETH', 'Não']",2024-07-01,,maua,jul_24.xlsx,4063
4333,LARISSA,Não,15,OS_ENTREGUES_DIA,2,"[4333, 'LARISSA', 'Não']",2024-07-02,,maua,jul_24.xlsx,4333
4321,LARISSA,Não,16,OS_ENTREGUES_DIA,2,"[4321, 'LARISSA', 'Não']",2024-07-02,,maua,jul_24.xlsx,4321
4322,LARISSA,Não,17,OS_ENTREGUES_DIA,2,"[4322, 'LARISSA', 'Não']",2024-07-02,,maua,jul_24.xlsx,4322
4295,BETH,Não,15,OS_ENTREGUES_DIA,3,"[4295, 'BETH', 'Não']",2024-07-03,,maua,jul_24.xlsx,4295
4346,BETH,Não,15,OS_ENTREGUES_DIA,4,"[4346, 'BETH', 'Não']",2024-07-04,,maua,jul_24.xlsx,4346
4291,BETH,Não,16,OS_ENTREGUES_DIA,4,"[4291, 'BETH', 'Não']",2024-07-04,,maua,jul_24.xlsx,4291
4220,BETH,Não,17,OS_ENTREGUES_DIA,4,"[4220, 'BETH', 'Não']",2024-07-04,,maua,jul_24.xlsx,4220
4340,BETH,NÃO,15,OS_ENTREGUES_DIA,5,"[4340, 'BETH', 'NÃO']",2024-07-05,,maua,jul_24.xlsx,4340
4268,BETH,NÃO,16,OS_ENTREGUES_DIA,5,"[4268, 'BETH', 'NÃO']",2024-07-05,,maua,jul_24.xlsx,4268
4320,BETH,Não,17,OS_ENTREGUES_DIA,5,"[4320, 'BETH', 'Não']",2024-07-05,,maua,jul_24.xlsx,4320
4329,LARISSA,Não,18,OS_ENTREGUES_DIA,5,"[4329, 'LARISSA', 'Não']",2024-07-05,,maua,jul_24.xlsx,4329
4241,BETH,Sim,15,OS_ENTREGUES_DIA,6,"[4241, 'BETH', 'Sim']",2024-07-06,,maua,jul_24.xlsx,4241
4242,BETH,Sim,16,OS_ENTREGUES_DIA,6,"[4242, 'BETH', 'Sim']",2024-07-06,,maua,jul_24.xlsx,4242
4326,BETH,Sim,17,OS_ENTREGUES_DIA,6,"[4326, 'BETH', 'Sim']",2024-07-06,,maua,jul_24.xlsx,4326
4327,BETH,Sim,18,OS_ENTREGUES_DIA,6,"[4327, 'BETH', 'Sim']",2024-07-06,,maua,jul_24.xlsx,4327
4335,LARISSA,Sim,15,OS_ENTREGUES_DIA,8,"[4335, 'LARISSA', 'Sim']",2024-07-08,,maua,jul_24.xlsx,4335
4278,WEVILLY,Não,16,OS_ENTREGUES_DIA,8,"[4278, 'WEVILLY', 'Não']",2024-07-08,,maua,jul_24.xlsx,4278
4076,BETH,não,15,OS_ENTREGUES_DIA,10,"[4076, 'BETH', 'não']",2024-07-10,,maua,jul_24.xlsx,4076
4231,BETH,não,16,OS_ENTREGUES_DIA,10,"[4231, 'BETH', 'não']",2024-07-10,,maua,jul_24.xlsx,4231
4283,BETH,Não,17,OS_ENTREGUES_DIA,10,"[4283, 'BETH', 'Não']",2024-07-10,,maua,jul_24.xlsx,4283
4344,BETH,Não,18,OS_ENTREGUES_DIA,10,"[4344, 'BETH', 'Não']",2024-07-10,,maua,jul_24.xlsx,4344
4297,BETH,Não,19,OS_ENTREGUES_DIA,10,"[4297, 'BETH', 'Não']",2024-07-10,,maua,jul_24.xlsx,4297
4334,LARISSA,Não,20,OS_ENTREGUES_DIA,10,"[4334, 'LARISSA', 'Não']",2024-07-10,,maua,jul_24.xlsx,4334
4336,BETH,Não,21,OS_ENTREGUES_DIA,10,"[4336, 'BETH', 'Não']",2024-07-10,,maua,jul_24.xlsx,4336
4354,BETH,Não,15,OS_ENTREGUES_DIA,11,"[4354, 'BETH', 'Não']",2024-07-11,,maua,jul_24.xlsx,4354
4298,BETH,Não,15,OS_ENTREGUES_DIA,12,"[4298, 'BETH', 'Não']",2024-07-12,,maua,jul_24.xlsx,4298
4296,BETH,Não,16,OS_ENTREGUES_DIA,12,"[4296, 'BETH', 'Não']",2024-07-12,,maua,jul_24.xlsx,4296
4343,BETH,Não,15,OS_ENTREGUES_DIA,13,"[4343, 'BETH', 'Não']",2024-07-13,,maua,jul_24.xlsx,4343
4312,TATY,Não,16,OS_ENTREGUES_DIA,13,"[4312, 'TATY', 'Não']",2024-07-13,,maua,jul_24.xlsx,4312
4310,TATY,Não,17,OS_ENTREGUES_DIA,13,"[4310, 'TATY', 'Não']",2024-07-13,,maua,jul_24.xlsx,4310
4323,BETH,Não,18,OS_ENTREGUES_DIA,13,"[4323, 'BETH', 'Não']",2024-07-13,,maua,jul_24.xlsx,4323
4352,BETH,Não,15,OS_ENTREGUES_DIA,15,"[4352, 'BETH', 'Não']",2024-07-15,,maua,jul_24.xlsx,4352
4337,BETH,Não,15,OS_ENTREGUES_DIA,16,"[4337, 'BETH', 'Não']",2024-07-16,,maua,jul_24.xlsx,4337
4345,BETH,Não,16,OS_ENTREGUES_DIA,16,"[4345, 'BETH', 'Não']",2024-07-16,,maua,jul_24.xlsx,4345
4348,BETH,Não,15,OS_ENTREGUES_DIA,17,"[4348, 'BETH', 'Não']",2024-07-17,,maua,jul_24.xlsx,4348
4253,BETH,Sim,16,OS_ENTREGUES_DIA,17,"[4253, 'BETH', 'Sim']",2024-07-17,,maua,jul_24.xlsx,4253
4332,BETH,Não,17,OS_ENTREGUES_DIA,17,"[4332, 'BETH', 'Não']",2024-07-17,,maua,jul_24.xlsx,4332
4331,BETH,Não,15,OS_ENTREGUES_DIA,18,"[4331, 'BETH', 'Não']",2024-07-18,,maua,jul_24.xlsx,4331
4349,BETH,Não,16,OS_ENTREGUES_DIA,18,"[4349, 'BETH', 'Não']",2024-07-18,,maua,jul_24.xlsx,4349
4350,BETH,Não,15,OS_ENTREGUES_DIA,19,"[4350, 'BETH', 'Não']",2024-07-19,,maua,jul_24.xlsx,4350
4357,BETH,Não,15,OS_ENTREGUES_DIA,22,"[4357, 'BETH', 'Não']",2024-07-22,,maua,jul_24.xlsx,4357
4363,LARISSA,Sim,16,OS_ENTREGUES_DIA,22,"[4363, 'LARISSA', 'Sim']",2024-07-22,,maua,jul_24.xlsx,4363
4364,LARISSA,Sim,17,OS_ENTREGUES_DIA,22,"[4364, 'LARISSA', 'Sim']",2024-07-22,,maua,jul_24.xlsx,4364
4379,BETH,Não,15,OS_ENTREGUES_DIA,24,"[4379, 'BETH', 'Não']",2024-07-24,,maua,jul_24.xlsx,4379
4355,BETH,Sim,15,OS_ENTREGUES_DIA,25,"[4355, 'BETH', 'Sim']",2024-07-25,,maua,jul_24.xlsx,4355
4372,BETH,Não,15,OS_ENTREGUES_DIA,27,"[4372, 'BETH', 'Não']",2024-07-27,,maua,jul_24.xlsx,4372
4376,BETH,Não,15,OS_ENTREGUES_DIA,29,"[4376, 'BETH', 'Não']",2024-07-29,,maua,jul_24.xlsx,4376
4254,BETH,Sim,16,OS_ENTREGUES_DIA,29,"[4254, 'BETH', 'Sim']",2024-07-29,,maua,jul_24.xlsx,4254
4389,BETH,Não,15,OS_ENTREGUES_DIA,30,"[4389, 'BETH', 'Não']",2024-07-30,,maua,jul_24.xlsx,4389
4390,BETH,Não,16,OS_ENTREGUES_DIA,30,"[4390, 'BETH', 'Não']",2024-07-30,,maua,jul_24.xlsx,4390
4257,BETH,Sim,15,OS_ENTREGUES_DIA,4,"[4257, 'BETH', 'Sim']",2024-06-04,,maua,jun_24.xlsx,4257
4258,BETH,Sim,16,OS_ENTREGUES_DIA,4,"[4258, 'BETH', 'Sim']",2024-06-04,,maua,jun_24.xlsx,4258
4124,BETH,Não,17,OS_ENTREGUES_DIA,4,"[4124, 'BETH', 'Não']",2024-06-04,,maua,jun_24.xlsx,4124
4262,BETH,Sim,15,OS_ENTREGUES_DIA,6,"[4262, 'BETH', 'Sim']",2024-06-06,,maua,jun_24.xlsx,4262
4271,BETH,,16,OS_ENTREGUES_DIA,6,"[4271, 'BETH', '']",2024-06-06,,maua,jun_24.xlsx,4271
4201,BETH,Sim,15,OS_ENTREGUES_DIA,7,"[4201, 'BETH', 'Sim']",2024-06-07,,maua,jun_24.xlsx,4201
4293,BETH,Não,16,OS_ENTREGUES_DIA,7,"[4293, 'BETH', 'Não']",2024-06-07,,maua,jun_24.xlsx,4293
3966,BETH,Não,15,OS_ENTREGUES_DIA,8,"[3966, 'BETH', 'Não']",2024-06-08,,maua,jun_24.xlsx,3966
4285,BETH,Não,16,OS_ENTREGUES_DIA,8,"[4285, 'BETH', 'Não']",2024-06-08,,maua,jun_24.xlsx,4285
4223,BETH,Não,17,OS_ENTREGUES_DIA,8,"[4223, 'BETH', 'Não']",2024-06-08,,maua,jun_24.xlsx,4223
4263,BETH,Sim,18,OS_ENTREGUES_DIA,8,"[4263, 'BETH', 'Sim']",2024-06-08,,maua,jun_24.xlsx,4263
4302,beth,Não,15,OS_ENTREGUES_DIA,12,"[4302, 'beth', 'Não']",2024-06-12,,maua,jun_24.xlsx,4302
4281,BETH,Não,15,OS_ENTREGUES_DIA,13,"[4281, 'BETH', 'Não']",2024-06-13,,maua,jun_24.xlsx,4281
4307,BETH,Não,16,OS_ENTREGUES_DIA,13,"[4307, 'BETH', 'Não']",2024-06-13,,maua,jun_24.xlsx,4307
4200,B ETH,Não,17,OS_ENTREGUES_DIA,13,"[4200, 'B ETH', 'Não']",2024-06-13,,maua,jun_24.xlsx,4200
4284,BETH,Sim,15,OS_ENTREGUES_DIA,14,"[4284, 'BETH', 'Sim']",2024-06-14,,maua,jun_24.xlsx,4284
4272,BETH,Não,15,OS_ENTREGUES_DIA,15,"[4272, 'BETH', 'Não']",2024-06-15,,maua,jun_24.xlsx,4272
4245,BETH,Não,16,OS_ENTREGUES_DIA,15,"[4245, 'BETH', 'Não']",2024-06-15,,maua,jun_24.xlsx,4245
4008,BETH,Não,15,OS_ENTREGUES_DIA,17,"[4008, 'BETH', 'Não']",2024-06-17,,maua,jun_24.xlsx,4008
4277,BETH,Sim,16,OS_ENTREGUES_DIA,17,"[4277, 'BETH', 'Sim']",2024-06-17,,maua,jun_24.xlsx,4277
4276,BETH,Não,17,OS_ENTREGUES_DIA,17,"[4276, 'BETH', 'Não']",2024-06-17,,maua,jun_24.xlsx,4276
4282,BETH,Não,18,OS_ENTREGUES_DIA,17,"[4282, 'BETH', 'Não']",2024-06-17,,maua,jun_24.xlsx,4282
4288,BETH,Sim,15,OS_ENTREGUES_DIA,18,"[4288, 'BETH', 'Sim']",2024-06-18,,maua,jun_24.xlsx,4288
4289,BETH,Sim,16,OS_ENTREGUES_DIA,18,"[4289, 'BETH', 'Sim']",2024-06-18,,maua,jun_24.xlsx,4289
4270,BETH,Não,15,OS_ENTREGUES_DIA,19,"[4270, 'BETH', 'Não']",2024-06-19,,maua,jun_24.xlsx,4270
4267,BETH,Não,15,OS_ENTREGUES_DIA,20,"[4267, 'BETH', 'Não']",2024-06-20,,maua,jun_24.xlsx,4267
4286,LARISSA,Não,15,OS_ENTREGUES_DIA,21,"[4286, 'LARISSA', 'Não']",2024-06-21,,maua,jun_24.xlsx,4286
4290,BETH,Não,16,OS_ENTREGUES_DIA,21,"[4290, 'BETH', 'Não']",2024-06-21,,maua,jun_24.xlsx,4290
4309,TATY,Não,17,OS_ENTREGUES_DIA,21,"[4309, 'TATY', 'Não']",2024-06-21,,maua,jun_24.xlsx,4309
4273,WEVILLY,Não,18,OS_ENTREGUES_DIA,21,"[4273, 'WEVILLY', 'Não']",2024-06-21,,maua,jun_24.xlsx,4273
4240,BETH,Não,15,OS_ENTREGUES_DIA,22,"[4240, 'BETH', 'Não']",2024-06-22,,maua,jun_24.xlsx,4240
4269,BETH,Sim,16,OS_ENTREGUES_DIA,22,"[4269, 'BETH', 'Sim']",2024-06-22,,maua,jun_24.xlsx,4269
4255,BETH,Sim,15,OS_ENTREGUES_DIA,24,"[4255, 'BETH', 'Sim']",2024-06-24,,maua,jun_24.xlsx,4255
4256,BETH,Sim,16,OS_ENTREGUES_DIA,24,"[4256, 'BETH', 'Sim']",2024-06-24,,maua,jun_24.xlsx,4256
4328,LARISSA,Não,15,OS_ENTREGUES_DIA,25,"[4328, 'LARISSA', 'Não']",2024-06-25,,maua,jun_24.xlsx,4328
4314,BETH,Não,16,OS_ENTREGUES_DIA,25,"[4314, 'BETH', 'Não']",2024-06-25,,maua,jun_24.xlsx,4314
4294,beth,Sim,15,OS_ENTREGUES_DIA,26,"[4294, 'beth', 'Sim']",2024-06-26,,maua,jun_24.xlsx,4294
4311,BETH,Não,15,OS_ENTREGUES_DIA,27,"[4311, 'BETH', 'Não']",2024-06-27,,maua,jun_24.xlsx,4311
4308,BETH,Não,16,OS_ENTREGUES_DIA,27,"[4308, 'BETH', 'Não']",2024-06-27,,maua,jun_24.xlsx,4308
4303,BETH,Sim,15,OS_ENTREGUES_DIA,28,"[4303, 'BETH', 'Sim']",2024-06-28,,maua,jun_24.xlsx,4303
4304,BETH,Não,16,OS_ENTREGUES_DIA,28,"[4304, 'BETH', 'Não']",2024-06-28,,maua,jun_24.xlsx,4304
2324,LARISSA,Não,17,OS_ENTREGUES_DIA,28,"[2324, 'LARISSA', 'Não']",2024-06-28,,maua,jun_24.xlsx,2324
4318,LARISSA,Não,18,OS_ENTREGUES_DIA,28,"[4318, 'LARISSA', 'Não']",2024-06-28,,maua,jun_24.xlsx,4318
4292,beth,Não,15,OS_ENTREGUES_DIA,29,"[4292, 'beth', 'Não']",2024-06-29,,maua,jun_24.xlsx,4292
4218,LARISSA,Não,16,OS_ENTREGUES_DIA,29,"[4218, 'LARISSA', 'Não']",2024-06-29,,maua,jun_24.xlsx,4218
4301,BETH,Não,17,OS_ENTREGUES_DIA,29,"[4301, 'BETH', 'Não']",2024-06-29,,maua,jun_24.xlsx,4301
4275,WEVELLY,Não,18,OS_ENTREGUES_DIA,29,"[4275, 'WEVELLY', 'Não']",2024-06-29,,maua,jun_24.xlsx,4275
4196,BETH ,Sim,15,OS_ENTREGUES_DIA,3,"[4196, 'BETH ', 'Sim']",2024-05-03,,maua,mai_24.xlsx,4196
4197,BETH ,Sim,16,OS_ENTREGUES_DIA,3,"[4197, 'BETH ', 'Sim']",2024-05-03,,maua,mai_24.xlsx,4197
4024,BETH,Não,15,OS_ENTREGUES_DIA,4,"[4024, 'BETH', 'Não']",2024-05-04,,maua,mai_24.xlsx,4024
4199,BETH,Não,16,OS_ENTREGUES_DIA,4,"[4199, 'BETH', 'Não']",2024-05-04,,maua,mai_24.xlsx,4199
4134,BETH,Não,15,OS_ENTREGUES_DIA,8,"[4134, 'BETH', 'Não']",2024-05-08,,maua,mai_24.xlsx,4134
4202,ANDRESSA DE SOUZA,Não,15,OS_ENTREGUES_DIA,10,"[4202, 'ANDRESSA DE SOUZA', 'Não']",2024-05-10,,maua,mai_24.xlsx,4202
4210,RENAN  NAZARO,NÃO,16,OS_ENTREGUES_DIA,10,"[4210, 'RENAN  NAZARO', 'NÃO']",2024-05-10,,maua,mai_24.xlsx,4210
4149,BETH,Não,15,OS_ENTREGUES_DIA,11,"[4149, 'BETH', 'Não']",2024-05-11,,maua,mai_24.xlsx,4149
4207,BETH,Não,16,OS_ENTREGUES_DIA,11,"[4207, 'BETH', 'Não']",2024-05-11,,maua,mai_24.xlsx,4207
4208,BETH,Não,17,OS_ENTREGUES_DIA,11,"[4208, 'BETH', 'Não']",2024-05-11,,maua,mai_24.xlsx,4208
4205,BETH,Não,18,OS_ENTREGUES_DIA,11,"[4205, 'BETH', 'Não']",2024-05-11,,maua,mai_24.xlsx,4205
4206,BETH,Não,19,OS_ENTREGUES_DIA,11,"[4206, 'BETH', 'Não']",2024-05-11,,maua,mai_24.xlsx,4206
4165,BETH,Não,15,OS_ENTREGUES_DIA,14,"[4165, 'BETH', 'Não']",2024-05-14,,maua,mai_24.xlsx,4165
4209,BETH,Não,16,OS_ENTREGUES_DIA,14,"[4209, 'BETH', 'Não']",2024-05-14,,maua,mai_24.xlsx,4209
4225,BETH,Não,17,OS_ENTREGUES_DIA,14,"[4225, 'BETH', 'Não']",2024-05-14,,maua,mai_24.xlsx,4225
4166,BETH,Sim,18,OS_ENTREGUES_DIA,14,"[4166, 'BETH', 'Sim']",2024-05-14,,maua,mai_24.xlsx,4166
4158,BETH,Sim,19,OS_ENTREGUES_DIA,14,"[4158, 'BETH', 'Sim']",2024-05-14,,maua,mai_24.xlsx,4158
4217,BETH,Não,15,OS_ENTREGUES_DIA,17,"[4217, 'BETH', 'Não']",2024-05-17,,maua,mai_24.xlsx,4217
4183,BETH,Sim,16,OS_ENTREGUES_DIA,17,"[4183, 'BETH', 'Sim']",2024-05-17,,maua,mai_24.xlsx,4183
4184,BETH,Sim,17,OS_ENTREGUES_DIA,17,"[4184, 'BETH', 'Sim']",2024-05-17,,maua,mai_24.xlsx,4184
4236,BETH,Não,18,OS_ENTREGUES_DIA,17,"[4236, 'BETH', 'Não']",2024-05-17,,maua,mai_24.xlsx,4236
4222,BETH,Não,15,OS_ENTREGUES_DIA,16,"[4222, 'BETH', 'Não']",2024-05-16,,maua,mai_24.xlsx,4222
4218,BETH,Não,16,OS_ENTREGUES_DIA,16,"[4218, 'BETH', 'Não']",2024-05-16,,maua,mai_24.xlsx,4218
4216,BETH,Sim,15,OS_ENTREGUES_DIA,18,"[4216, 'BETH', 'Sim']",2024-05-18,,maua,mai_24.xlsx,4216
4224,LARISSA,Não,16,OS_ENTREGUES_DIA,18,"[4224, 'LARISSA', 'Não']",2024-05-18,,maua,mai_24.xlsx,4224
4215,BETH,Não,17,OS_ENTREGUES_DIA,18,"[4215, 'BETH', 'Não']",2024-05-18,,maua,mai_24.xlsx,4215
4212,BETH,Não,18,OS_ENTREGUES_DIA,18,"[4212, 'BETH', 'Não']",2024-05-18,,maua,mai_24.xlsx,4212
4244,BETH,Não,15,OS_ENTREGUES_DIA,20,"[4244, 'BETH', 'Não']",2024-05-20,,maua,mai_24.xlsx,4244
4219,BETH,Sim,16,OS_ENTREGUES_DIA,20,"[4219, 'BETH', 'Sim']",2024-05-20,,maua,mai_24.xlsx,4219
4228,BETH,Não,15,OS_ENTREGUES_DIA,21,"[4228, 'BETH', 'Não']",2024-05-21,,maua,mai_24.xlsx,4228
4213,BETH,Não,16,OS_ENTREGUES_DIA,21,"[4213, 'BETH', 'Não']",2024-05-21,,maua,mai_24.xlsx,4213
4221,BETH,Não,17,OS_ENTREGUES_DIA,21,"[4221, 'BETH', 'Não']",2024-05-21,,maua,mai_24.xlsx,4221
4225,BETH,Sim,15,OS_ENTREGUES_DIA,22,"[4225, 'BETH', 'Sim']",2024-05-22,,maua,mai_24.xlsx,4225
4226,BETH,Sim,16,OS_ENTREGUES_DIA,22,"[4226, 'BETH', 'Sim']",2024-05-22,,maua,mai_24.xlsx,4226
4249,TATY,Sim,17,OS_ENTREGUES_DIA,22,"[4249, 'TATY', 'Sim']",2024-05-22,,maua,mai_24.xlsx,4249
4269,BETH,Não,18,OS_ENTREGUES_DIA,22,"[4269, 'BETH', 'Não']",2024-05-22,,maua,mai_24.xlsx,4269
4229,BETH,Não,15,OS_ENTREGUES_DIA,23,"[4229, 'BETH', 'Não']",2024-05-23,,maua,mai_24.xlsx,4229
4247,BETH,Não,16,OS_ENTREGUES_DIA,23,"[4247, 'BETH', 'Não']",2024-05-23,,maua,mai_24.xlsx,4247
4248,BETH,Não,17,OS_ENTREGUES_DIA,23,"[4248, 'BETH', 'Não']",2024-05-23,,maua,mai_24.xlsx,4248
4197,BETH,Sim,18,OS_ENTREGUES_DIA,23,"[4197, 'BETH', 'Sim']",2024-05-23,,maua,mai_24.xlsx,4197
4261,BETH,Não,15,OS_ENTREGUES_DIA,24,"[4261, 'BETH', 'Não']",2024-05-24,,maua,mai_24.xlsx,4261
4231,BETH,Sim,16,OS_ENTREGUES_DIA,24,"[4231, 'BETH', 'Sim']",2024-05-24,,maua,mai_24.xlsx,4231
4234,BETH,Sim,17,OS_ENTREGUES_DIA,24,"[4234, 'BETH', 'Sim']",2024-05-24,,maua,mai_24.xlsx,4234
4240,LARISSA,Não,15,OS_ENTREGUES_DIA,25,"[4240, 'LARISSA', 'Não']",2024-05-25,,maua,mai_24.xlsx,4240
4260,LARISSA,Não,16,OS_ENTREGUES_DIA,25,"[4260, 'LARISSA', 'Não']",2024-05-25,,maua,mai_24.xlsx,4260
4232,BETH,Não,17,OS_ENTREGUES_DIA,25,"[4232, 'BETH', 'Não']",2024-05-25,,maua,mai_24.xlsx,4232
4233,BETH ,Não,18,OS_ENTREGUES_DIA,25,"[4233, 'BETH ', 'Não']",2024-05-25,,maua,mai_24.xlsx,4233
4119,BETH,Não,19,OS_ENTREGUES_DIA,25,"[4119, 'BETH', 'Não']",2024-05-25,,maua,mai_24.xlsx,4119
4191,BETH,Não,20,OS_ENTREGUES_DIA,25,"[4191, 'BETH', 'Não']",2024-05-25,,maua,mai_24.xlsx,4191
4188,BETH,Não,21,OS_ENTREGUES_DIA,25,"[4188, 'BETH', 'Não']",2024-05-25,,maua,mai_24.xlsx,4188
4237,LARISSA,Não,15,OS_ENTREGUES_DIA,27,"[4237, 'LARISSA', 'Não']",2024-05-27,,maua,mai_24.xlsx,4237
4211,BETH,Não,16,OS_ENTREGUES_DIA,27,"[4211, 'BETH', 'Não']",2024-05-27,,maua,mai_24.xlsx,4211
4235,LARISSA,Não,15,OS_ENTREGUES_DIA,28,"[4235, 'LARISSA', 'Não']",2024-05-28,,maua,mai_24.xlsx,4235
4246,BETH,Não,16,OS_ENTREGUES_DIA,28,"[4246, 'BETH', 'Não']",2024-05-28,,maua,mai_24.xlsx,4246
4135,BETH,Não,15,OS_ENTREGUES_DIA,29,"[4135, 'BETH', 'Não']",2024-05-29,,maua,mai_24.xlsx,4135
4230,BETH,Não,15,OS_ENTREGUES_DIA,31,"[4230, 'BETH', 'Não']",2024-05-31,,maua,mai_24.xlsx,4230
4049,BETH,Não,15,OS_ENTREGUES_DIA,2,"[4049, 'BETH', 'Não']",2024-03-02,,maua,mar_24.xlsx,4049
4053,BETH,Não,15,OS_ENTREGUES_DIA,4,"[4053, 'BETH', 'Não']",2024-03-04,,maua,mar_24.xlsx,4053
4074,BETH,Não,15,OS_ENTREGUES_DIA,7,"[4074, 'BETH', 'Não']",2024-03-07,,maua,mar_24.xlsx,4074
4080,BETH,Não,15,OS_ENTREGUES_DIA,8,"[4080, 'BETH', 'Não']",2024-03-08,,maua,mar_24.xlsx,4080
4062,BETH,Não,16,OS_ENTREGUES_DIA,8,"[4062, 'BETH', 'Não']",2024-03-08,,maua,mar_24.xlsx,4062
4035,BETH,Não,15,OS_ENTREGUES_DIA,9,"[4035, 'BETH', 'Não']",2024-03-09,,maua,mar_24.xlsx,4035
4103,BETH,Não,16,OS_ENTREGUES_DIA,9,"[4103, 'BETH', 'Não']",2024-03-09,,maua,mar_24.xlsx,4103
4088,BETH,Não,15,OS_ENTREGUES_DIA,11,"[4088, 'BETH', 'Não']",2024-03-11,,maua,mar_24.xlsx,4088
4040,BETH,Não,16,OS_ENTREGUES_DIA,11,"[4040, 'BETH', 'Não']",2024-03-11,,maua,mar_24.xlsx,4040
4073,BETH,Não,15,OS_ENTREGUES_DIA,12,"[4073, 'BETH', 'Não']",2024-03-12,,maua,mar_24.xlsx,4073
4077,BETH,Não,15,OS_ENTREGUES_DIA,13,"[4077, 'BETH', 'Não']",2024-03-13,,maua,mar_24.xlsx,4077
4089,BETH,Não,16,OS_ENTREGUES_DIA,13,"[4089, 'BETH', 'Não']",2024-03-13,,maua,mar_24.xlsx,4089
4112,BETH,Não,17,OS_ENTREGUES_DIA,13,"[4112, 'BETH', 'Não']",2024-03-13,,maua,mar_24.xlsx,4112
4082,BETH,Não,15,OS_ENTREGUES_DIA,14,"[4082, 'BETH', 'Não']",2024-03-14,,maua,mar_24.xlsx,4082
4079,BETH,Não,16,OS_ENTREGUES_DIA,14,"[4079, 'BETH', 'Não']",2024-03-14,,maua,mar_24.xlsx,4079
4022,BETH,Não,15,OS_ENTREGUES_DIA,15,"[4022, 'BETH', 'Não']",2024-03-15,,maua,mar_24.xlsx,4022
4118,BETH,Não,16,OS_ENTREGUES_DIA,15,"[4118, 'BETH', 'Não']",2024-03-15,,maua,mar_24.xlsx,4118
4095,BETH,Não,15,OS_ENTREGUES_DIA,16,"[4095, 'BETH', 'Não']",2024-03-16,,maua,mar_24.xlsx,4095
4096,BETH,Não,16,OS_ENTREGUES_DIA,16,"[4096, 'BETH', 'Não']",2024-03-16,,maua,mar_24.xlsx,4096
4087,BETH,Não,15,OS_ENTREGUES_DIA,19,"[4087, 'BETH', 'Não']",2024-03-19,,maua,mar_24.xlsx,4087
4012,BETH,Não,15,OS_ENTREGUES_DIA,20,"[4012, 'BETH', 'Não']",2024-03-20,,maua,mar_24.xlsx,4012
4092,BETH,Sim,16,OS_ENTREGUES_DIA,20,"[4092, 'BETH', 'Sim']",2024-03-20,,maua,mar_24.xlsx,4092
4114,BETH,Não,15,OS_ENTREGUES_DIA,21,"[4114, 'BETH', 'Não']",2024-03-21,,maua,mar_24.xlsx,4114
4115,BETH,Não,16,OS_ENTREGUES_DIA,21,"[4115, 'BETH', 'Não']",2024-03-21,,maua,mar_24.xlsx,4115
4129,BETH,Não,17,OS_ENTREGUES_DIA,21,"[4129, 'BETH', 'Não']",2024-03-21,,maua,mar_24.xlsx,4129
4105,BETH,Não,18,OS_ENTREGUES_DIA,21,"[4105, 'BETH', 'Não']",2024-03-21,,maua,mar_24.xlsx,4105
4091,beth,Sim,19,OS_ENTREGUES_DIA,21,"[4091, 'beth', 'Sim']",2024-03-21,,maua,mar_24.xlsx,4091
4090,BETH,Não,15,OS_ENTREGUES_DIA,22,"[4090, 'BETH', 'Não']",2024-03-22,,maua,mar_24.xlsx,4090
4048,BETH,Não,16,OS_ENTREGUES_DIA,22,"[4048, 'BETH', 'Não']",2024-03-22,,maua,mar_24.xlsx,4048
4099,BETH,Não,17,OS_ENTREGUES_DIA,22,"[4099, 'BETH', 'Não']",2024-03-22,,maua,mar_24.xlsx,4099
4100,BETH,Não,18,OS_ENTREGUES_DIA,22,"[4100, 'BETH', 'Não']",2024-03-22,,maua,mar_24.xlsx,4100
4081,BETH,Sim,19,OS_ENTREGUES_DIA,22,"[4081, 'BETH', 'Sim']",2024-03-22,,maua,mar_24.xlsx,4081
4115,BETH,Não,15,OS_ENTREGUES_DIA,23,"[4115, 'BETH', 'Não']",2024-03-23,,maua,mar_24.xlsx,4115
4102,BETH,Não,15,OS_ENTREGUES_DIA,25,"[4102, 'BETH', 'Não']",2024-03-25,,maua,mar_24.xlsx,4102
4104,BETH,Sim,15,OS_ENTREGUES_DIA,26,"[4104, 'BETH', 'Sim']",2024-03-26,,maua,mar_24.xlsx,4104
4122,BETH,Não,16,OS_ENTREGUES_DIA,26,"[4122, 'BETH', 'Não']",2024-03-26,,maua,mar_24.xlsx,4122
4116,BETH,Não,17,OS_ENTREGUES_DIA,26,"[4116, 'BETH', 'Não']",2024-03-26,,maua,mar_24.xlsx,4116
4113,BETH,Não,18,OS_ENTREGUES_DIA,26,"[4113, 'BETH', 'Não']",2024-03-26,,maua,mar_24.xlsx,4113
4101,BETH,Não,15,OS_ENTREGUES_DIA,27,"[4101, 'BETH', 'Não']",2024-03-27,,maua,mar_24.xlsx,4101
4106,BETH,Não,16,OS_ENTREGUES_DIA,27,"[4106, 'BETH', 'Não']",2024-03-27,,maua,mar_24.xlsx,4106
4107,BETH,Não,17,OS_ENTREGUES_DIA,27,"[4107, 'BETH', 'Não']",2024-03-27,,maua,mar_24.xlsx,4107
4120,BETH,Não,18,OS_ENTREGUES_DIA,27,"[4120, 'BETH', 'Não']",2024-03-27,,maua,mar_24.xlsx,4120
4121,BETH,Não,19,OS_ENTREGUES_DIA,27,"[4121, 'BETH', 'Não']",2024-03-27,,maua,mar_24.xlsx,4121
4123,BETH,Não,15,OS_ENTREGUES_DIA,30,"[4123, 'BETH', 'Não']",2024-03-30,,maua,mar_24.xlsx,4123
4111,BETH,Não,16,OS_ENTREGUES_DIA,30,"[4111, 'BETH', 'Não']",2024-03-30,,maua,mar_24.xlsx,4111
4805,BETH,Não,15,OS_ENTREGUES_DIA,1,"[4805, 'BETH', 'Não']",2025-03-01,,maua,mar_25.xlsx,4805
4806,BETH,Não,16,OS_ENTREGUES_DIA,1,"[4806, 'BETH', 'Não']",2025-03-01,,maua,mar_25.xlsx,4806
4810,BETH,Não,15,OS_ENTREGUES_DIA,3,"[4810, 'BETH', 'Não']",2025-03-03,,maua,mar_25.xlsx,4810
4812,BETH,Não,15,OS_ENTREGUES_DIA,5,"[4812, 'BETH', 'Não']",2025-03-05,,maua,mar_25.xlsx,4812
4789,BETH,Não,15,OS_ENTREGUES_DIA,6,"[4789, 'BETH', 'Não']",2025-03-06,,maua,mar_25.xlsx,4789
4684,BETH,Não,16,OS_ENTREGUES_DIA,6,"[4684, 'BETH', 'Não']",2025-03-06,,maua,mar_25.xlsx,4684
4788,BETH,Não,17,OS_ENTREGUES_DIA,6,"[4788, 'BETH', 'Não']",2025-03-06,,maua,mar_25.xlsx,4788
4767,BETH,Não,18,OS_ENTREGUES_DIA,6,"[4767, 'BETH', 'Não']",2025-03-06,,maua,mar_25.xlsx,4767
4769,BETH,Não,15,OS_ENTREGUES_DIA,7,"[4769, 'BETH', 'Não']",2025-03-07,,maua,mar_25.xlsx,4769
4815,BETH,,15,OS_ENTREGUES_DIA,8,"[4815, 'BETH', '']",2025-03-08,,maua,mar_25.xlsx,4815
4787,BETH,Não,15,OS_ENTREGUES_DIA,11,"[4787, 'BETH', 'Não']",2025-03-11,,maua,mar_25.xlsx,4787
4771,BETH,Sim,16,OS_ENTREGUES_DIA,11,"[4771, 'BETH', 'Sim']",2025-03-11,,maua,mar_25.xlsx,4771
4829,BETH,Não,15,OS_ENTREGUES_DIA,12,"[4829, 'BETH', 'Não']",2025-03-12,,maua,mar_25.xlsx,4829
4816,BETH,Não,15,OS_ENTREGUES_DIA,13,"[4816, 'BETH', 'Não']",2025-03-13,,maua,mar_25.xlsx,4816
4821,BETH,Não,15,OS_ENTREGUES_DIA,14,"[4821, 'BETH', 'Não']",2025-03-14,,maua,mar_25.xlsx,4821
4802,BETH,Não,16,OS_ENTREGUES_DIA,14,"[4802, 'BETH', 'Não']",2025-03-14,,maua,mar_25.xlsx,4802
4814,BETH,Sim,17,OS_ENTREGUES_DIA,14,"[4814, 'BETH', 'Sim']",2025-03-14,,maua,mar_25.xlsx,4814
4813,BETH,Não,15,OS_ENTREGUES_DIA,15,"[4813, 'BETH', 'Não']",2025-03-15,,maua,mar_25.xlsx,4813
4756,BETH,Não,16,OS_ENTREGUES_DIA,15,"[4756, 'BETH', 'Não']",2025-03-15,,maua,mar_25.xlsx,4756
4820,BETH,Não,15,OS_ENTREGUES_DIA,17,"[4820, 'BETH', 'Não']",2025-03-17,,maua,mar_25.xlsx,4820
4793,BETH,Sim,16,OS_ENTREGUES_DIA,17,"[4793, 'BETH', 'Sim']",2025-03-17,,maua,mar_25.xlsx,4793
4839,BETH,Não,17,OS_ENTREGUES_DIA,17,"[4839, 'BETH', 'Não']",2025-03-17,,maua,mar_25.xlsx,4839
4840,BETH,Não,18,OS_ENTREGUES_DIA,17,"[4840, 'BETH', 'Não']",2025-03-17,,maua,mar_25.xlsx,4840
4825,BETH,Sim,15,OS_ENTREGUES_DIA,18,"[4825, 'BETH', 'Sim']",2025-03-18,,maua,mar_25.xlsx,4825
4780,TATY,Não,16,OS_ENTREGUES_DIA,18,"[4780, 'TATY', 'Não']",2025-03-18,,maua,mar_25.xlsx,4780
4801,BETH,Não,15,OS_ENTREGUES_DIA,19,"[4801, 'BETH', 'Não']",2025-03-19,,maua,mar_25.xlsx,4801
4790,BETH,Não,15,OS_ENTREGUES_DIA,21,"[4790, 'BETH', 'Não']",2025-03-21,,maua,mar_25.xlsx,4790
4817,BETH,Não,16,OS_ENTREGUES_DIA,21,"[4817, 'BETH', 'Não']",2025-03-21,,maua,mar_25.xlsx,4817
4830,BETH,Não,15,OS_ENTREGUES_DIA,22,"[4830, 'BETH', 'Não']",2025-03-22,,maua,mar_25.xlsx,4830
4841,BETH,Não,16,OS_ENTREGUES_DIA,22,"[4841, 'BETH', 'Não']",2025-03-22,,maua,mar_25.xlsx,4841
4807,BETH,Não,15,OS_ENTREGUES_DIA,24,"[4807, 'BETH', 'Não']",2025-03-24,,maua,mar_25.xlsx,4807
4808,BETH,Não,16,OS_ENTREGUES_DIA,24,"[4808, 'BETH', 'Não']",2025-03-24,,maua,mar_25.xlsx,4808
4811,BETH,Não,17,OS_ENTREGUES_DIA,24,"[4811, 'BETH', 'Não']",2025-03-24,,maua,mar_25.xlsx,4811
4831,BETH,Não,18,OS_ENTREGUES_DIA,24,"[4831, 'BETH', 'Não']",2025-03-24,,maua,mar_25.xlsx,4831
4785,TATY,Não,15,OS_ENTREGUES_DIA,26,"[4785, 'TATY', 'Não']",2025-03-26,,maua,mar_25.xlsx,4785
4837,BETH,Não,16,OS_ENTREGUES_DIA,26,"[4837, 'BETH', 'Não']",2025-03-26,,maua,mar_25.xlsx,4837
4838,BETH,Não,17,OS_ENTREGUES_DIA,26,"[4838, 'BETH', 'Não']",2025-03-26,,maua,mar_25.xlsx,4838
4823,BETH,Não,18,OS_ENTREGUES_DIA,26,"[4823, 'BETH', 'Não']",2025-03-26,,maua,mar_25.xlsx,4823
4792,BETH,Sim,15,OS_ENTREGUES_DIA,27,"[4792, 'BETH', 'Sim']",2025-03-27,,maua,mar_25.xlsx,4792
4803,BETH,Não,16,OS_ENTREGUES_DIA,27,"[4803, 'BETH', 'Não']",2025-03-27,,maua,mar_25.xlsx,4803
4826,BETH,Não,15,OS_ENTREGUES_DIA,28,"[4826, 'BETH', 'Não']",2025-03-28,,maua,mar_25.xlsx,4826
4855,BETH,Não,16,OS_ENTREGUES_DIA,28,"[4855, 'BETH', 'Não']",2025-03-28,,maua,mar_25.xlsx,4855
4828,BETH,Não,15,OS_ENTREGUES_DIA,29,"[4828, 'BETH', 'Não']",2025-03-29,,maua,mar_25.xlsx,4828
4843,BETH,Sim,16,OS_ENTREGUES_DIA,29,"[4843, 'BETH', 'Sim']",2025-03-29,,maua,mar_25.xlsx,4843
4858,BETH,Não,17,OS_ENTREGUES_DIA,29,"[4858, 'BETH', 'Não']",2025-03-29,,maua,mar_25.xlsx,4858
4827,BETH,Não,15,OS_ENTREGUES_DIA,31,"[4827, 'BETH', 'Não']",2025-03-31,,maua,mar_25.xlsx,4827
3884,Maria Elizabeth,Não,15,OS_ENTREGUES_DIA,28,"[3884, 'Maria Elizabeth', 'Não']",2023-11-28,,maua,nov_23.xlsx,3884
3899,Garantia,Não,15,OS_ENTREGUES_DIA,30,"[3899, 'Garantia', 'Não']",2023-11-30,,maua,nov_23.xlsx,3899
4391,BETH,Não,15,OS_ENTREGUES_DIA,1,"[4391, 'BETH', 'Não']",2024-11-01,,maua,nov_24.xlsx,4391
4392,BETH,Não,16,OS_ENTREGUES_DIA,1,"[4392, 'BETH', 'Não']",2024-11-01,,maua,nov_24.xlsx,4392
4549,LARISSA,Não,17,OS_ENTREGUES_DIA,1,"[4549, 'LARISSA', 'Não']",2024-11-01,,maua,nov_24.xlsx,4549
4602,LARISSA,Não,18,OS_ENTREGUES_DIA,1,"[4602, 'LARISSA', 'Não']",2024-11-01,,maua,nov_24.xlsx,4602
4611,BETH,Não,19,OS_ENTREGUES_DIA,1,"[4611, 'BETH', 'Não']",2024-11-01,,maua,nov_24.xlsx,4611
4612,BETH,Sim,20,OS_ENTREGUES_DIA,1,"[4612, 'BETH', 'Sim']",2024-11-01,,maua,nov_24.xlsx,4612
4613,BETH,Não,15,OS_ENTREGUES_DIA,2,"[4613, 'BETH', 'Não']",2024-11-02,,maua,nov_24.xlsx,4613
4534,TATY,Não,16,OS_ENTREGUES_DIA,2,"[4534, 'TATY', 'Não']",2024-11-02,,maua,nov_24.xlsx,4534
4174,ROGÉRIO,Não,17,OS_ENTREGUES_DIA,2,"[4174, 'ROGÉRIO', 'Não']",2024-11-02,,maua,nov_24.xlsx,4174
4625,BETH,Não,15,OS_ENTREGUES_DIA,4,"[4625, 'BETH', 'Não']",2024-11-04,,maua,nov_24.xlsx,4625
4518,BETH,SIM,15,OS_ENTREGUES_DIA,5,"[4518, 'BETH', 'SIM']",2024-11-05,,maua,nov_24.xlsx,4518
4544,TATY,SIM,16,OS_ENTREGUES_DIA,5,"[4544, 'TATY', 'SIM']",2024-11-05,,maua,nov_24.xlsx,4544
4610,LARISSA,Sim,15,OS_ENTREGUES_DIA,6,"[4610, 'LARISSA', 'Sim']",2024-11-06,,maua,nov_24.xlsx,4610
4619,BETH,Sim,16,OS_ENTREGUES_DIA,6,"[4619, 'BETH', 'Sim']",2024-11-06,,maua,nov_24.xlsx,4619
4502,BETH,Não,15,OS_ENTREGUES_DIA,7,"[4502, 'BETH', 'Não']",2024-11-07,,maua,nov_24.xlsx,4502
4516,BETH,Não,16,OS_ENTREGUES_DIA,7,"[4516, 'BETH', 'Não']",2024-11-07,,maua,nov_24.xlsx,4516
4614,BETH,Não,17,OS_ENTREGUES_DIA,7,"[4614, 'BETH', 'Não']",2024-11-07,,maua,nov_24.xlsx,4614
4542,LARISSA,Não,15,OS_ENTREGUES_DIA,8,"[4542, 'LARISSA', 'Não']",2024-11-08,,maua,nov_24.xlsx,4542
4605,BETH,Não,15,OS_ENTREGUES_DIA,9,"[4605, 'BETH', 'Não']",2024-11-09,,maua,nov_24.xlsx,4605
4606,BETH,Não,16,OS_ENTREGUES_DIA,9,"[4606, 'BETH', 'Não']",2024-11-09,,maua,nov_24.xlsx,4606
4624,BETH,Não,17,OS_ENTREGUES_DIA,9,"[4624, 'BETH', 'Não']",2024-11-09,,maua,nov_24.xlsx,4624
4493,BETH,Não,15,OS_ENTREGUES_DIA,12,"[4493, 'BETH', 'Não']",2024-11-12,,maua,nov_24.xlsx,4493
4621,LARISSA,Não,15,OS_ENTREGUES_DIA,13,"[4621, 'LARISSA', 'Não']",2024-11-13,,maua,nov_24.xlsx,4621
4548,LARISSA,Não,16,OS_ENTREGUES_DIA,13,"[4548, 'LARISSA', 'Não']",2024-11-13,,maua,nov_24.xlsx,4548
4547,LARISSA,Não,17,OS_ENTREGUES_DIA,13,"[4547, 'LARISSA', 'Não']",2024-11-13,,maua,nov_24.xlsx,4547
4626,BETH,Não,15,OS_ENTREGUES_DIA,19,"[4626, 'BETH', 'Não']",2024-11-19,,maua,nov_24.xlsx,4626
4627,BETH,Não,16,OS_ENTREGUES_DIA,19,"[4627, 'BETH', 'Não']",2024-11-19,,maua,nov_24.xlsx,4627
4533,TATY,Não,17,OS_ENTREGUES_DIA,19,"[4533, 'TATY', 'Não']",2024-11-19,,maua,nov_24.xlsx,4533
4616,BETH,Sim,15,OS_ENTREGUES_DIA,21,"[4616, 'BETH', 'Sim']",2024-11-21,,maua,nov_24.xlsx,4616
4239,BETH,Não,15,OS_ENTREGUES_DIA,22,"[4239, 'BETH', 'Não']",2024-11-22,,maua,nov_24.xlsx,4239
4601,BETH,Não,15,OS_ENTREGUES_DIA,23,"[4601, 'BETH', 'Não']",2024-11-23,,maua,nov_24.xlsx,4601
4607,BETH,Não,16,OS_ENTREGUES_DIA,23,"[4607, 'BETH', 'Não']",2024-11-23,,maua,nov_24.xlsx,4607
4617,LARISSA,Sim,17,OS_ENTREGUES_DIA,23,"[4617, 'LARISSA', 'Sim']",2024-11-23,,maua,nov_24.xlsx,4617
4618,LARISSA,Sim,18,OS_ENTREGUES_DIA,23,"[4618, 'LARISSA', 'Sim']",2024-11-23,,maua,nov_24.xlsx,4618
4642,LARISSA,Não,15,OS_ENTREGUES_DIA,26,"[4642, 'LARISSA', 'Não']",2024-11-26,,maua,nov_24.xlsx,4642
4528,LARISSA,Não,15,OS_ENTREGUES_DIA,27,"[4528, 'LARISSA', 'Não']",2024-11-27,,maua,nov_24.xlsx,4528
4529,LARISSA,Não,16,OS_ENTREGUES_DIA,27,"[4529, 'LARISSA', 'Não']",2024-11-27,,maua,nov_24.xlsx,4529
4537,LARISSA,Não,17,OS_ENTREGUES_DIA,27,"[4537, 'LARISSA', 'Não']",2024-11-27,,maua,nov_24.xlsx,4537
4647,BETH,Não,18,OS_ENTREGUES_DIA,27,"[4647, 'BETH', 'Não']",2024-11-27,,maua,nov_24.xlsx,4647
4646,BETH,Não,15,OS_ENTREGUES_DIA,28,"[4646, 'BETH', 'Não']",2024-11-28,,maua,nov_24.xlsx,4646
4630,BETH,Sim,16,OS_ENTREGUES_DIA,28,"[4630, 'BETH', 'Sim']",2024-11-28,,maua,nov_24.xlsx,4630
4631,BETH,Sim,17,OS_ENTREGUES_DIA,28,"[4631, 'BETH', 'Sim']",2024-11-28,,maua,nov_24.xlsx,4631
4452,BETH,Não,15,OS_ENTREGUES_DIA,1,"[4452, 'BETH', 'Não']",2024-10-01,,maua,out_24.xlsx,4452
4453,BETH,Não,16,OS_ENTREGUES_DIA,1,"[4453, 'BETH', 'Não']",2024-10-01,,maua,out_24.xlsx,4453
4449,BETH,Não,17,OS_ENTREGUES_DIA,1,"[4449, 'BETH', 'Não']",2024-10-01,,maua,out_24.xlsx,4449
4450,BETH,Sim,18,OS_ENTREGUES_DIA,1,"[4450, 'BETH', 'Sim']",2024-10-01,,maua,out_24.xlsx,4450
4472,BETH,Não,19,OS_ENTREGUES_DIA,1,"[4472, 'BETH', 'Não']",2024-10-01,,maua,out_24.xlsx,4472
4496,BETH,Sim,15,OS_ENTREGUES_DIA,3,"[4496, 'BETH', 'Sim']",2024-10-03,,maua,out_24.xlsx,4496
4497,LARISSA,Não,16,OS_ENTREGUES_DIA,3,"[4497, 'LARISSA', 'Não']",2024-10-03,,maua,out_24.xlsx,4497
4502,BETH,Sim,15,OS_ENTREGUES_DIA,4,"[4502, 'BETH', 'Sim']",2024-10-04,,maua,out_24.xlsx,4502
4478,BETH,Não,16,OS_ENTREGUES_DIA,4,"[4478, 'BETH', 'Não']",2024-10-04,,maua,out_24.xlsx,4478
4489,BETH,,15,OS_ENTREGUES_DIA,5,"[4489, 'BETH', '']",2024-10-05,,maua,out_24.xlsx,4489
4512,BETH,,16,OS_ENTREGUES_DIA,5,"[4512, 'BETH', '']",2024-10-05,,maua,out_24.xlsx,4512
4480,BETH,,17,OS_ENTREGUES_DIA,5,"[4480, 'BETH', '']",2024-10-05,,maua,out_24.xlsx,4480
4481,BETH,,18,OS_ENTREGUES_DIA,5,"[4481, 'BETH', '']",2024-10-05,,maua,out_24.xlsx,4481
4473,BETH,Não,19,OS_ENTREGUES_DIA,5,"[4473, 'BETH', 'Não']",2024-10-05,,maua,out_24.xlsx,4473
4454,BETH,Não,20,OS_ENTREGUES_DIA,5,"[4454, 'BETH', 'Não']",2024-10-05,,maua,out_24.xlsx,4454
4367,BETH,Não,15,OS_ENTREGUES_DIA,7,"[4367, 'BETH', 'Não']",2024-10-07,,maua,out_24.xlsx,4367
4527,BETH,Sim,15,OS_ENTREGUES_DIA,8,"[4527, 'BETH', 'Sim']",2024-10-08,,maua,out_24.xlsx,4527
4532,BETH,Não,15,OS_ENTREGUES_DIA,9,"[4532, 'BETH', 'Não']",2024-10-09,,maua,out_24.xlsx,4532
4535,BETH,Não,16,OS_ENTREGUES_DIA,9,"[4535, 'BETH', 'Não']",2024-10-09,,maua,out_24.xlsx,4535
4498,BETH,Não,17,OS_ENTREGUES_DIA,9,"[4498, 'BETH', 'Não']",2024-10-09,,maua,out_24.xlsx,4498
4459,BETH,Não,15,OS_ENTREGUES_DIA,10,"[4459, 'BETH', 'Não']",2024-10-10,,maua,out_24.xlsx,4459
4504,TATY,NÃO ,16,OS_ENTREGUES_DIA,10,"[4504, 'TATY', 'NÃO ']",2024-10-10,,maua,out_24.xlsx,4504
4511,BETH,Não,15,OS_ENTREGUES_DIA,11,"[4511, 'BETH', 'Não']",2024-10-11,,maua,out_24.xlsx,4511
4505,TATY,Não,15,OS_ENTREGUES_DIA,16,"[4505, 'TATY', 'Não']",2024-10-16,,maua,out_24.xlsx,4505
4513,BETH,Não,16,OS_ENTREGUES_DIA,16,"[4513, 'BETH', 'Não']",2024-10-16,,maua,out_24.xlsx,4513
4517,BETH,Não,15,OS_ENTREGUES_DIA,17,"[4517, 'BETH', 'Não']",2024-10-17,,maua,out_24.xlsx,4517
4541,BETH,Não,15,OS_ENTREGUES_DIA,18,"[4541, 'BETH', 'Não']",2024-10-18,,maua,out_24.xlsx,4541
4499,TATY,Não,16,OS_ENTREGUES_DIA,18,"[4499, 'TATY', 'Não']",2024-10-18,,maua,out_24.xlsx,4499
4524,LARISSA,Não,17,OS_ENTREGUES_DIA,18,"[4524, 'LARISSA', 'Não']",2024-10-18,,maua,out_24.xlsx,4524
4522,BETH,Não,15,OS_ENTREGUES_DIA,19,"[4522, 'BETH', 'Não']",2024-10-19,,maua,out_24.xlsx,4522
4539,LARISSA,Não,16,OS_ENTREGUES_DIA,19,"[4539, 'LARISSA', 'Não']",2024-10-19,,maua,out_24.xlsx,4539
4479,BETH,Não,15,OS_ENTREGUES_DIA,21,"[4479, 'BETH', 'Não']",2024-10-21,,maua,out_24.xlsx,4479
4515,BETH,Sim,16,OS_ENTREGUES_DIA,21,"[4515, 'BETH', 'Sim']",2024-10-21,,maua,out_24.xlsx,4515
4520,BETH,Não,17,OS_ENTREGUES_DIA,21,"[4520, 'BETH', 'Não']",2024-10-21,,maua,out_24.xlsx,4520
4509,BETH,Não,18,OS_ENTREGUES_DIA,21,"[4509, 'BETH', 'Não']",2024-10-21,,maua,out_24.xlsx,4509
4510,BETH,Não,19,OS_ENTREGUES_DIA,21,"[4510, 'BETH', 'Não']",2024-10-21,,maua,out_24.xlsx,4510
4608,BETH,Não,20,OS_ENTREGUES_DIA,21,"[4608, 'BETH', 'Não']",2024-10-21,,maua,out_24.xlsx,4608
4494,BETH,Não,21,OS_ENTREGUES_DIA,21,"[4494, 'BETH', 'Não']",2024-10-21,,maua,out_24.xlsx,4494
4530,TATY,Sim,22,OS_ENTREGUES_DIA,21,"[4530, 'TATY', 'Sim']",2024-10-21,,maua,out_24.xlsx,4530
4430,BETH,Não,15,OS_ENTREGUES_DIA,22,"[4430, 'BETH', 'Não']",2024-10-22,,maua,out_24.xlsx,4430
4526,LARISSA,Não,16,OS_ENTREGUES_DIA,22,"[4526, 'LARISSA', 'Não']",2024-10-22,,maua,out_24.xlsx,4526
4500,TATY,Não,17,OS_ENTREGUES_DIA,22,"[4500, 'TATY', 'Não']",2024-10-22,,maua,out_24.xlsx,4500
4519,BETH,Sim,15,OS_ENTREGUES_DIA,23,"[4519, 'BETH', 'Sim']",2024-10-23,,maua,out_24.xlsx,4519
4498,LARISSA,Não,15,OS_ENTREGUES_DIA,24,"[4498, 'LARISSA', 'Não']",2024-10-24,,maua,out_24.xlsx,4498
4501,TATY,Não,16,OS_ENTREGUES_DIA,24,"[4501, 'TATY', 'Não']",2024-10-24,,maua,out_24.xlsx,4501
4523,LARISSA,Não,17,OS_ENTREGUES_DIA,24,"[4523, 'LARISSA', 'Não']",2024-10-24,,maua,out_24.xlsx,4523
4603,BETH,Não,18,OS_ENTREGUES_DIA,24,"[4603, 'BETH', 'Não']",2024-10-24,,maua,out_24.xlsx,4603
4615,BETH,Não,15,OS_ENTREGUES_DIA,25,"[4615, 'BETH', 'Não']",2024-10-25,,maua,out_24.xlsx,4615
4546,LARISSA,Não,16,OS_ENTREGUES_DIA,25,"[4546, 'LARISSA', 'Não']",2024-10-25,,maua,out_24.xlsx,4546
4521,BETH,Não,15,OS_ENTREGUES_DIA,26,"[4521, 'BETH', 'Não']",2024-10-26,,maua,out_24.xlsx,4521
4609,LARISSA,Não,15,OS_ENTREGUES_DIA,28,"[4609, 'LARISSA', 'Não']",2024-10-28,,maua,out_24.xlsx,4609
4506,BETH,Não,15,OS_ENTREGUES_DIA,29,"[4506, 'BETH', 'Não']",2024-10-29,,maua,out_24.xlsx,4506
4465,BETH,Não,16,OS_ENTREGUES_DIA,29,"[4465, 'BETH', 'Não']",2024-10-29,,maua,out_24.xlsx,4465
4466,BETH,Não,17,OS_ENTREGUES_DIA,29,"[4466, 'BETH', 'Não']",2024-10-29,,maua,out_24.xlsx,4466
4545,TATY,Sim,15,OS_ENTREGUES_DIA,30,"[4545, 'TATY', 'Sim']",2024-10-30,,maua,out_24.xlsx,4545
4531,BETH,Não,16,OS_ENTREGUES_DIA,30,"[4531, 'BETH', 'Não']",2024-10-30,,maua,out_24.xlsx,4531
4507,BETH,Sim,17,OS_ENTREGUES_DIA,30,"[4507, 'BETH', 'Sim']",2024-10-30,,maua,out_24.xlsx,4507
4538,BETH,Não,15,OS_ENTREGUES_DIA,31,"[4538, 'BETH', 'Não']",2024-10-31,,maua,out_24.xlsx,4538
4543,BETH,Não,16,OS_ENTREGUES_DIA,31,"[4543, 'BETH', 'Não']",2024-10-31,,maua,out_24.xlsx,4543
4540,BETH,Não,17,OS_ENTREGUES_DIA,31,"[4540, 'BETH', 'Não']",2024-10-31,,maua,out_24.xlsx,4540
4604,BETH,Não,18,OS_ENTREGUES_DIA,31,"[4604, 'BETH', 'Não']",2024-10-31,,maua,out_24.xlsx,4604
4467,BETH,Sim,15,OS_ENTREGUES_DIA,1,"[4467, 'BETH', 'Sim']",2024-09-01,,maua,set_24.xlsx,4467
4435,BETH,Não,15,OS_ENTREGUES_DIA,2,"[4435, 'BETH', 'Não']",2024-09-02,,maua,set_24.xlsx,4435
4436,BETH,Não,16,OS_ENTREGUES_DIA,2,"[4436, 'BETH', 'Não']",2024-09-02,,maua,set_24.xlsx,4436
4419,BETH,Não,17,OS_ENTREGUES_DIA,2,"[4419, 'BETH', 'Não']",2024-09-02,,maua,set_24.xlsx,4419
4426,BETH,Não,18,OS_ENTREGUES_DIA,2,"[4426, 'BETH', 'Não']",2024-09-02,,maua,set_24.xlsx,4426
4400,BETH,Não,19,OS_ENTREGUES_DIA,2,"[4400, 'BETH', 'Não']",2024-09-02,,maua,set_24.xlsx,4400
4367,BETH,Não,15,OS_ENTREGUES_DIA,3,"[4367, 'BETH', 'Não']",2024-09-03,,maua,set_24.xlsx,4367
4455,BETH,Não,16,OS_ENTREGUES_DIA,3,"[4455, 'BETH', 'Não']",2024-09-03,,maua,set_24.xlsx,4455
4468,BETH,Não,17,OS_ENTREGUES_DIA,3,"[4468, 'BETH', 'Não']",2024-09-03,,maua,set_24.xlsx,4468
4368,BETH,Não,18,OS_ENTREGUES_DIA,3,"[4368, 'BETH', 'Não']",2024-09-03,,maua,set_24.xlsx,4368
4377,BETH,Não,19,OS_ENTREGUES_DIA,3,"[4377, 'BETH', 'Não']",2024-09-03,,maua,set_24.xlsx,4377
4428,BETH,Sim,15,OS_ENTREGUES_DIA,4,"[4428, 'BETH', 'Sim']",2024-09-04,,maua,set_24.xlsx,4428
4423,BETH,Sim,15,OS_ENTREGUES_DIA,6,"[4423, 'BETH', 'Sim']",2024-09-06,,maua,set_24.xlsx,4423
4440,BETH,Não,16,OS_ENTREGUES_DIA,6,"[4440, 'BETH', 'Não']",2024-09-06,,maua,set_24.xlsx,4440
4438,BETH,Não,15,OS_ENTREGUES_DIA,9,"[4438, 'BETH', 'Não']",2024-09-09,,maua,set_24.xlsx,4438
4456,BETH,Não,16,OS_ENTREGUES_DIA,9,"[4456, 'BETH', 'Não']",2024-09-09,,maua,set_24.xlsx,4456
4446,BETH,Não,17,OS_ENTREGUES_DIA,9,"[4446, 'BETH', 'Não']",2024-09-09,,maua,set_24.xlsx,4446
4447,BETH,Sim,15,OS_ENTREGUES_DIA,10,"[4447, 'BETH', 'Sim']",2024-09-10,,maua,set_24.xlsx,4447
4448,BETH,SIM,16,OS_ENTREGUES_DIA,10,"[4448, 'BETH', 'SIM']",2024-09-10,,maua,set_24.xlsx,4448
4460,BETH,Não,15,OS_ENTREGUES_DIA,11,"[4460, 'BETH', 'Não']",2024-09-11,,maua,set_24.xlsx,4460
4422,BETH,Não,16,OS_ENTREGUES_DIA,11,"[4422, 'BETH', 'Não']",2024-09-11,,maua,set_24.xlsx,4422
4420,BETH,Não,17,OS_ENTREGUES_DIA,11,"[4420, 'BETH', 'Não']",2024-09-11,,maua,set_24.xlsx,4420
4439,BETH,Não,15,OS_ENTREGUES_DIA,12,"[4439, 'BETH', 'Não']",2024-09-12,,maua,set_24.xlsx,4439
4441,BETH,Não,16,OS_ENTREGUES_DIA,12,"[4441, 'BETH', 'Não']",2024-09-12,,maua,set_24.xlsx,4441
4464,BETH,Não,15,OS_ENTREGUES_DIA,14,"[4464, 'BETH', 'Não']",2024-09-14,,maua,set_24.xlsx,4464
4457,BETH,Não,16,OS_ENTREGUES_DIA,14,"[4457, 'BETH', 'Não']",2024-09-14,,maua,set_24.xlsx,4457
4432,BETH,Não,17,OS_ENTREGUES_DIA,14,"[4432, 'BETH', 'Não']",2024-09-14,,maua,set_24.xlsx,4432
4483,BETH,Não,15,OS_ENTREGUES_DIA,16,"[4483, 'BETH', 'Não']",2024-09-16,,maua,set_24.xlsx,4483
4468,BETH,Sim,15,OS_ENTREGUES_DIA,17,"[4468, 'BETH', 'Sim']",2024-09-17,,maua,set_24.xlsx,4468
4469,BETH,Não,16,OS_ENTREGUES_DIA,17,"[4469, 'BETH', 'Não']",2024-09-17,,maua,set_24.xlsx,4469
4463,BETH,Não,17,OS_ENTREGUES_DIA,17,"[4463, 'BETH', 'Não']",2024-09-17,,maua,set_24.xlsx,4463
4433,BETH,Não,18,OS_ENTREGUES_DIA,17,"[4433, 'BETH', 'Não']",2024-09-17,,maua,set_24.xlsx,4433
4434,BETH,Não,19,OS_ENTREGUES_DIA,17,"[4434, 'BETH', 'Não']",2024-09-17,,maua,set_24.xlsx,4434
4458,BETH,Não,15,OS_ENTREGUES_DIA,18,"[4458, 'BETH', 'Não']",2024-09-18,,maua,set_24.xlsx,4458
4488,BETH,Não,16,OS_ENTREGUES_DIA,18,"[4488, 'BETH', 'Não']",2024-09-18,,maua,set_24.xlsx,4488
4484,BETH,Não,15,OS_ENTREGUES_DIA,19,"[4484, 'BETH', 'Não']",2024-09-19,,maua,set_24.xlsx,4484
4485,BETH,Não,16,OS_ENTREGUES_DIA,19,"[4485, 'BETH', 'Não']",2024-09-19,,maua,set_24.xlsx,4485
4421,BETH,Não,15,OS_ENTREGUES_DIA,20,"[4421, 'BETH', 'Não']",2024-09-20,,maua,set_24.xlsx,4421
4477,BETH,Não,16,OS_ENTREGUES_DIA,20,"[4477, 'BETH', 'Não']",2024-09-20,,maua,set_24.xlsx,4477
4476,BETH,Não,17,OS_ENTREGUES_DIA,20,"[4476, 'BETH', 'Não']",2024-09-20,,maua,set_24.xlsx,4476
4471,BETH,Não,18,OS_ENTREGUES_DIA,20,"[4471, 'BETH', 'Não']",2024-09-20,,maua,set_24.xlsx,4471
4492,BETH,Sim,15,OS_ENTREGUES_DIA,21,"[4492, 'BETH', 'Sim']",2024-09-21,,maua,set_24.xlsx,4492
4444,TATY,Não,15,OS_ENTREGUES_DIA,24,"[4444, 'TATY', 'Não']",2024-09-24,,maua,set_24.xlsx,4444
4474,BETH,Não,16,OS_ENTREGUES_DIA,24,"[4474, 'BETH', 'Não']",2024-09-24,,maua,set_24.xlsx,4474
4475,BETH,Não,17,OS_ENTREGUES_DIA,24,"[4475, 'BETH', 'Não']",2024-09-24,,maua,set_24.xlsx,4475
4491,BETH,Não,15,OS_ENTREGUES_DIA,27,"[4491, 'BETH', 'Não']",2024-09-27,,maua,set_24.xlsx,4491
4495,BETH,Não,16,OS_ENTREGUES_DIA,27,"[4495, 'BETH', 'Não']",2024-09-27,,maua,set_24.xlsx,4495
4492,BETH,Não,15,OS_ENTREGUES_DIA,28,"[4492, 'BETH', 'Não']",2024-09-28,,maua,set_24.xlsx,4492
4487,BETH,Não,16,OS_ENTREGUES_DIA,28,"[4487, 'BETH', 'Não']",2024-09-28,,maua,set_24.xlsx,4487
4508,BETH,Não,17,OS_ENTREGUES_DIA,28,"[4508, 'BETH', 'Não']",2024-09-28,,maua,set_24.xlsx,4508
4503,BETH,Não,15,OS_ENTREGUES_DIA,30,"[4503, 'BETH', 'Não']",2024-09-30,,maua,set_24.xlsx,4503
4486,BETH,Não,16,OS_ENTREGUES_DIA,30,"[4486, 'BETH', 'Não']",2024-09-30,,maua,set_24.xlsx,4486
