os,vendedor,carne,linha_origem,tabela_tipo,aba_origem,valores_brutos,data_movimento,loja_celula,loja_arquivo,arquivo_origem
639,WEVILLY,Não,15,OS_ENTREGUES_DIA,01,"[639, 'WEVILLY', 'Não']",2024-04-01 00:00:00,,perus,abr_24.xlsx
640,WEVILLY,Não,16,OS_ENTREGUES_DIA,01,"[640, 'WEVILLY', 'Não']",2024-04-01 00:00:00,,perus,abr_24.xlsx
641,WEVILLY,Não,17,OS_ENTREGUES_DIA,01,"[641, 'WEVILLY', 'Não']",2024-04-01 00:00:00,,perus,abr_24.xlsx
630,WEVILLY,Não,18,OS_ENTREGUES_DIA,01,"[630, 'WEVILLY', 'Não']",2024-04-01 00:00:00,,perus,abr_24.xlsx
618,WEVILLY,Sim,15,OS_ENTREGUES_DIA,02,"[618, 'WEVILLY', 'Sim']",2024-04-02 00:00:00,,perus,abr_24.xlsx
628,WEVILLY,Não,15,OS_ENTREGUES_DIA,03,"[628, 'WEVILLY', 'Não']",2024-04-03 00:00:00,,perus,abr_24.xlsx
636,WEVILLY,Não,16,OS_ENTREGUES_DIA,03,"[636, 'WEVILLY', 'Não']",2024-04-03 00:00:00,,perus,abr_24.xlsx
629,WEVILLY,Não,15,OS_ENTREGUES_DIA,09,"[629, 'WEVILLY', 'Não']",2024-04-09 00:00:00,,perus,abr_24.xlsx
393,WILLIAM,Não,15,OS_ENTREGUES_DIA,10,"[393, 'WILLIAM', 'Não']",2024-04-10 00:00:00,,perus,abr_24.xlsx
631,WEVILLY,Não,16,OS_ENTREGUES_DIA,10,"[631, 'WEVILLY', 'Não']",2024-04-10 00:00:00,,perus,abr_24.xlsx
632,WEVILLY,Não,17,OS_ENTREGUES_DIA,10,"[632, 'WEVILLY', 'Não']",2024-04-10 00:00:00,,perus,abr_24.xlsx
633,TATY,Não,18,OS_ENTREGUES_DIA,10,"[633, 'TATY', 'Não']",2024-04-10 00:00:00,,perus,abr_24.xlsx
649,LUANA,Não,15,OS_ENTREGUES_DIA,11,"[649, 'LUANA', 'Não']",2024-04-11 00:00:00,,perus,abr_24.xlsx
646,LUANA,Não,16,OS_ENTREGUES_DIA,11,"[646, 'LUANA', 'Não']",2024-04-11 00:00:00,,perus,abr_24.xlsx
647,LUANA,Não,17,OS_ENTREGUES_DIA,11,"[647, 'LUANA', 'Não']",2024-04-11 00:00:00,,perus,abr_24.xlsx
637,TATY,Sim,15,OS_ENTREGUES_DIA,12,"[637, 'TATY', 'Sim']",2024-04-12 00:00:00,,perus,abr_24.xlsx
638,TATY,Sim,16,OS_ENTREGUES_DIA,12,"[638, 'TATY', 'Sim']",2024-04-12 00:00:00,,perus,abr_24.xlsx
650,LUANA,Não,17,OS_ENTREGUES_DIA,12,"[650, 'LUANA', 'Não']",2024-04-12 00:00:00,,perus,abr_24.xlsx
625,LUANA,Sim,15,OS_ENTREGUES_DIA,16,"[625, 'LUANA', 'Sim']",2024-04-16 00:00:00,,perus,abr_24.xlsx
634,LUANA,Não,16,OS_ENTREGUES_DIA,16,"[634, 'LUANA', 'Não']",2024-04-16 00:00:00,,perus,abr_24.xlsx
635,LUANA,Não,17,OS_ENTREGUES_DIA,16,"[635, 'LUANA', 'Não']",2024-04-16 00:00:00,,perus,abr_24.xlsx
651,LUANA,Não,15,OS_ENTREGUES_DIA,17,"[651, 'LUANA', 'Não']",2024-04-17 00:00:00,,perus,abr_24.xlsx
657,LUANA,Não,16,OS_ENTREGUES_DIA,17,"[657, 'LUANA', 'Não']",2024-04-17 00:00:00,,perus,abr_24.xlsx
650,LUANA,Não,15,OS_ENTREGUES_DIA,18,"[650, 'LUANA', 'Não']",2024-04-18 00:00:00,,perus,abr_24.xlsx
652,LUANA,Não,15,OS_ENTREGUES_DIA,20,"[652, 'LUANA', 'Não']",2024-04-20 00:00:00,,perus,abr_24.xlsx
648,LUANA,Não,16,OS_ENTREGUES_DIA,20,"[648, 'LUANA', 'Não']",2024-04-20 00:00:00,,perus,abr_24.xlsx
658,LUANA,Não,15,OS_ENTREGUES_DIA,25,"[658, 'LUANA', 'Não']",2024-04-25 00:00:00,,perus,abr_24.xlsx
659,LUANA,Não,16,OS_ENTREGUES_DIA,25,"[659, 'LUANA', 'Não']",2024-04-25 00:00:00,,perus,abr_24.xlsx
661,LUANA,Não,15,OS_ENTREGUES_DIA,26,"[661, 'LUANA', 'Não']",2024-04-26 00:00:00,,perus,abr_24.xlsx
660,LUANA,Não,16,OS_ENTREGUES_DIA,26,"[660, 'LUANA', 'Não']",2024-04-26 00:00:00,,perus,abr_24.xlsx
653,LUANA,Não,17,OS_ENTREGUES_DIA,26,"[653, 'LUANA', 'Não']",2024-04-26 00:00:00,,perus,abr_24.xlsx
269,ARIANI,Não,15,OS_ENTREGUES_DIA,02,"[269, 'ARIANI', 'Não']",2023-08-02 00:00:00,,perus,ago_23.xlsx
302,ARIANI,Não,16,OS_ENTREGUES_DIA,02,"[302, 'ARIANI', 'Não']",2023-08-02 00:00:00,,perus,ago_23.xlsx
296,SANDY,Sim,15,OS_ENTREGUES_DIA,03,"[296, 'SANDY', 'Sim']",2023-08-03 00:00:00,,perus,ago_23.xlsx
293,SANDY,Não,16,OS_ENTREGUES_DIA,03,"[293, 'SANDY', 'Não']",2023-08-03 00:00:00,,perus,ago_23.xlsx
331,SANDY,Não,15,OS_ENTREGUES_DIA,04,"[331, 'SANDY', 'Não']",2023-08-04 00:00:00,,perus,ago_23.xlsx
325,WILLIAN,Não,16,OS_ENTREGUES_DIA,04,"[325, 'WILLIAN', 'Não']",2023-08-04 00:00:00,,perus,ago_23.xlsx
300,ARIANI,Não,15,OS_ENTREGUES_DIA,05,"[300, 'ARIANI', 'Não']",2023-08-05 00:00:00,,perus,ago_23.xlsx
330,ARIANI,Não,15,OS_ENTREGUES_DIA,07,"[330, 'ARIANI', 'Não']",2023-08-07 00:00:00,,perus,ago_23.xlsx
338,SANDY,Não,15,OS_ENTREGUES_DIA,09,"[338, 'SANDY', 'Não']",2023-08-09 00:00:00,,perus,ago_23.xlsx
339,SANDY,Não,16,OS_ENTREGUES_DIA,09,"[339, 'SANDY', 'Não']",2023-08-09 00:00:00,,perus,ago_23.xlsx
336,ARIANI,Não,17,OS_ENTREGUES_DIA,09,"[336, 'ARIANI', 'Não']",2023-08-09 00:00:00,,perus,ago_23.xlsx
329,ARIANI,Não,15,OS_ENTREGUES_DIA,10,"[329, 'ARIANI', 'Não']",2023-08-10 00:00:00,,perus,ago_23.xlsx
322,ARIANI,Não,16,OS_ENTREGUES_DIA,10,"[322, 'ARIANI', 'Não']",2023-08-10 00:00:00,,perus,ago_23.xlsx
355,ARIANI,Não,17,OS_ENTREGUES_DIA,10,"[355, 'ARIANI', 'Não']",2023-08-10 00:00:00,,perus,ago_23.xlsx
356,SANDY,Não,18,OS_ENTREGUES_DIA,10,"[356, 'SANDY', 'Não']",2023-08-10 00:00:00,,perus,ago_23.xlsx
315,SANDY,Não,19,OS_ENTREGUES_DIA,10,"[315, 'SANDY', 'Não']",2023-08-10 00:00:00,,perus,ago_23.xlsx
314,SANDY,Não,15,OS_ENTREGUES_DIA,12,"[314, 'SANDY', 'Não']",2023-08-12 00:00:00,,perus,ago_23.xlsx
343,ARIANI,Não,16,OS_ENTREGUES_DIA,12,"[343, 'ARIANI', 'Não']",2023-08-12 00:00:00,,perus,ago_23.xlsx
340,SANDY,Não,17,OS_ENTREGUES_DIA,12,"[340, 'SANDY', 'Não']",2023-08-12 00:00:00,,perus,ago_23.xlsx
318,ARIANI,Não,18,OS_ENTREGUES_DIA,12,"[318, 'ARIANI', 'Não']",2023-08-12 00:00:00,,perus,ago_23.xlsx
275,SANDY,Não,15,OS_ENTREGUES_DIA,15,"[275, 'SANDY', 'Não']",2023-08-15 00:00:00,,perus,ago_23.xlsx
311,SANDY,Não,15,OS_ENTREGUES_DIA,16,"[311, 'SANDY', 'Não']",2023-08-16 00:00:00,,perus,ago_23.xlsx
323,ARIANI,Não,16,OS_ENTREGUES_DIA,16,"[323, 'ARIANI', 'Não']",2023-08-16 00:00:00,,perus,ago_23.xlsx
326,SANDY,Não,17,OS_ENTREGUES_DIA,16,"[326, 'SANDY', 'Não']",2023-08-16 00:00:00,,perus,ago_23.xlsx
337,SANDY,Não,18,OS_ENTREGUES_DIA,16,"[337, 'SANDY', 'Não']",2023-08-16 00:00:00,,perus,ago_23.xlsx
348,SANDY,Não,19,OS_ENTREGUES_DIA,16,"[348, 'SANDY', 'Não']",2023-08-16 00:00:00,,perus,ago_23.xlsx
349,ARIANI,Não,20,OS_ENTREGUES_DIA,16,"[349, 'ARIANI', 'Não']",2023-08-16 00:00:00,,perus,ago_23.xlsx
350,ARIANI,Não,21,OS_ENTREGUES_DIA,16,"[350, 'ARIANI', 'Não']",2023-08-16 00:00:00,,perus,ago_23.xlsx
334,SANDY,Não,15,OS_ENTREGUES_DIA,17,"[334, 'SANDY', 'Não']",2023-08-17 00:00:00,,perus,ago_23.xlsx
335,SANDY,Não,16,OS_ENTREGUES_DIA,17,"[335, 'SANDY', 'Não']",2023-08-17 00:00:00,,perus,ago_23.xlsx
237,MARIA,Não,17,OS_ENTREGUES_DIA,17,"[237, 'MARIA', 'Não']",2023-08-17 00:00:00,,perus,ago_23.xlsx
321,WILLIAM,Não,15,OS_ENTREGUES_DIA,19,"[321, 'WILLIAM', 'Não']",2023-08-19 00:00:00,,perus,ago_23.xlsx
346,SANDY,Sim,16,OS_ENTREGUES_DIA,19,"[346, 'SANDY', 'Sim']",2023-08-19 00:00:00,,perus,ago_23.xlsx
367,ARIANI,Não,17,OS_ENTREGUES_DIA,19,"[367, 'ARIANI', 'Não']",2023-08-19 00:00:00,,perus,ago_23.xlsx
327,ARIANI,Não,15,OS_ENTREGUES_DIA,21,"[327, 'ARIANI', 'Não']",2023-08-21 00:00:00,,perus,ago_23.xlsx
245,ARIANI,Não,16,OS_ENTREGUES_DIA,21,"[245, 'ARIANI', 'Não']",2023-08-21 00:00:00,,perus,ago_23.xlsx
351,SANDY,Sim,15,OS_ENTREGUES_DIA,22,"[351, 'SANDY', 'Sim']",2023-08-22 00:00:00,,perus,ago_23.xlsx
363,ARIANI,Não,15,OS_ENTREGUES_DIA,25,"[363, 'ARIANI', 'Não']",2023-08-25 00:00:00,,perus,ago_23.xlsx
365,WILLIAM,Sim,16,OS_ENTREGUES_DIA,25,"[365, 'WILLIAM', 'Sim']",2023-08-25 00:00:00,,perus,ago_23.xlsx
347,ARIANI,Não,17,OS_ENTREGUES_DIA,25,"[347, 'ARIANI', 'Não']",2023-08-25 00:00:00,,perus,ago_23.xlsx
357,SANDY,Sim,18,OS_ENTREGUES_DIA,25,"[357, 'SANDY', 'Sim']",2023-08-25 00:00:00,,perus,ago_23.xlsx
353,SANDY,Sim,15,OS_ENTREGUES_DIA,26,"[353, 'SANDY', 'Sim']",2023-08-26 00:00:00,,perus,ago_23.xlsx
200,SANDY,Sim,16,OS_ENTREGUES_DIA,26,"[200, 'SANDY', 'Sim']",2023-08-26 00:00:00,,perus,ago_23.xlsx
341,ARIANI,Não,15,OS_ENTREGUES_DIA,28,"[341, 'ARIANI', 'Não']",2023-08-28 00:00:00,,perus,ago_23.xlsx
359,ARIANI,Não,16,OS_ENTREGUES_DIA,28,"[359, 'ARIANI', 'Não']",2023-08-28 00:00:00,,perus,ago_23.xlsx
306,ARIANI,Não,15,OS_ENTREGUES_DIA,29,"[306, 'ARIANI', 'Não']",2023-08-29 00:00:00,,perus,ago_23.xlsx
307,ARIANI,Não,16,OS_ENTREGUES_DIA,29,"[307, 'ARIANI', 'Não']",2023-08-29 00:00:00,,perus,ago_23.xlsx
388,ARIANI,Não,17,OS_ENTREGUES_DIA,29,"[388, 'ARIANI', 'Não']",2023-08-29 00:00:00,,perus,ago_23.xlsx
361,ARIANI,Sim,15,OS_ENTREGUES_DIA,30,"[361, 'ARIANI', 'Sim']",2023-08-30 00:00:00,,perus,ago_23.xlsx
368,ARIANI,Não,16,OS_ENTREGUES_DIA,30,"[368, 'ARIANI', 'Não']",2023-08-30 00:00:00,,perus,ago_23.xlsx
369,SAMUEL,Não,17,OS_ENTREGUES_DIA,30,"[369, 'SAMUEL', 'Não']",2023-08-30 00:00:00,,perus,ago_23.xlsx
382,ARIANI,Não,18,OS_ENTREGUES_DIA,30,"[382, 'ARIANI', 'Não']",2023-08-30 00:00:00,,perus,ago_23.xlsx
364,WILLIAM,Não,15,OS_ENTREGUES_DIA,31,"[364, 'WILLIAM', 'Não']",2023-08-31 00:00:00,,perus,ago_23.xlsx
390,ARIANI,Sim,16,OS_ENTREGUES_DIA,31,"[390, 'ARIANI', 'Sim']",2023-08-31 00:00:00,,perus,ago_23.xlsx
689,TATY,Não,15,OS_ENTREGUES_DIA,02,"[689, 'TATY', 'Não']",2024-08-02 00:00:00,,perus,ago_24.xlsx
821,ROGÉRIO,Sim,16,OS_ENTREGUES_DIA,02,"[821, 'ROGÉRIO', 'Sim']",2024-08-02 00:00:00,,perus,ago_24.xlsx
822,ROGÉRIO,Sim,17,OS_ENTREGUES_DIA,02,"[822, 'ROGÉRIO', 'Sim']",2024-08-02 00:00:00,,perus,ago_24.xlsx
689,TATY,Não,18,OS_ENTREGUES_DIA,02,"[689, 'TATY', 'Não']",2024-08-02 00:00:00,,perus,ago_24.xlsx
825,ROGÉRIO,Não,19,OS_ENTREGUES_DIA,02,"[825, 'ROGÉRIO', 'Não']",2024-08-02 00:00:00,,perus,ago_24.xlsx
824,ROGÉRIO,Não,20,OS_ENTREGUES_DIA,02,"[824, 'ROGÉRIO', 'Não']",2024-08-02 00:00:00,,perus,ago_24.xlsx
819,TATY,Sim,21,OS_ENTREGUES_DIA,02,"[819, 'TATY', 'Sim']",2024-08-02 00:00:00,,perus,ago_24.xlsx
820,TATY,Sim,22,OS_ENTREGUES_DIA,02,"[820, 'TATY', 'Sim']",2024-08-02 00:00:00,,perus,ago_24.xlsx
818,LUANA,Sim,15,OS_ENTREGUES_DIA,03,"[818, 'LUANA', 'Sim']",2024-08-03 00:00:00,,perus,ago_24.xlsx
801,TATY,Não,16,OS_ENTREGUES_DIA,03,"[801, 'TATY', 'Não']",2024-08-03 00:00:00,,perus,ago_24.xlsx
779,ROGÉRIO,Não,17,OS_ENTREGUES_DIA,03,"[779, 'ROGÉRIO', 'Não']",2024-08-03 00:00:00,,perus,ago_24.xlsx
834,LUANA,Não,18,OS_ENTREGUES_DIA,03,"[834, 'LUANA', 'Não']",2024-08-03 00:00:00,,perus,ago_24.xlsx
829,LUANA,Sim ,15,OS_ENTREGUES_DIA,05,"[829, 'LUANA', 'Sim ']",2024-08-05 00:00:00,,perus,ago_24.xlsx
837,LUANA,NÃO,16,OS_ENTREGUES_DIA,05,"[837, 'LUANA', 'NÃO']",2024-08-05 00:00:00,,perus,ago_24.xlsx
831,LUANA,Sim,15,OS_ENTREGUES_DIA,06,"[831, 'LUANA', 'Sim']",2024-08-06 00:00:00,,perus,ago_24.xlsx
832,LUANA,Não,16,OS_ENTREGUES_DIA,06,"[832, 'LUANA', 'Não']",2024-08-06 00:00:00,,perus,ago_24.xlsx
826,ROGÉRIO,Não,17,OS_ENTREGUES_DIA,06,"[826, 'ROGÉRIO', 'Não']",2024-08-06 00:00:00,,perus,ago_24.xlsx
803,TATY,Não,15,OS_ENTREGUES_DIA,07,"[803, 'TATY', 'Não']",2024-08-07 00:00:00,,perus,ago_24.xlsx
839,LUANA,Não,16,OS_ENTREGUES_DIA,07,"[839, 'LUANA', 'Não']",2024-08-07 00:00:00,,perus,ago_24.xlsx
833,LUANA,Não,15,OS_ENTREGUES_DIA,09,"[833, 'LUANA', 'Não']",2024-08-09 00:00:00,,perus,ago_24.xlsx
817,LUANA,Não,15,OS_ENTREGUES_DIA,13,"[817, 'LUANA', 'Não']",2024-08-13 00:00:00,,perus,ago_24.xlsx
841,LUANA,Não,15,OS_ENTREGUES_DIA,14,"[841, 'LUANA', 'Não']",2024-08-14 00:00:00,,perus,ago_24.xlsx
840,LUANA,Não,16,OS_ENTREGUES_DIA,14,"[840, 'LUANA', 'Não']",2024-08-14 00:00:00,,perus,ago_24.xlsx
844,LUANA,Não,15,OS_ENTREGUES_DIA,15,"[844, 'LUANA', 'Não']",2024-08-15 00:00:00,,perus,ago_24.xlsx
798,LUANA,Sim,16,OS_ENTREGUES_DIA,15,"[798, 'LUANA', 'Sim']",2024-08-15 00:00:00,,perus,ago_24.xlsx
828,LUANA,Sim,17,OS_ENTREGUES_DIA,15,"[828, 'LUANA', 'Sim']",2024-08-15 00:00:00,,perus,ago_24.xlsx
810,LUANA,Sim,15,OS_ENTREGUES_DIA,16,"[810, 'LUANA', 'Sim']",2024-08-16 00:00:00,,perus,ago_24.xlsx
843,LUANA,Não,15,OS_ENTREGUES_DIA,19,"[843, 'LUANA', 'Não']",2024-08-19 00:00:00,,perus,ago_24.xlsx
847,LUANA,Não,15,OS_ENTREGUES_DIA,22,"[847, 'LUANA', 'Não']",2024-08-22 00:00:00,,perus,ago_24.xlsx
842,LUANA,Não,16,OS_ENTREGUES_DIA,22,"[842, 'LUANA', 'Não']",2024-08-22 00:00:00,,perus,ago_24.xlsx
783,LUANA,Não,15,OS_ENTREGUES_DIA,23,"[783, 'LUANA', 'Não']",2024-08-23 00:00:00,,perus,ago_24.xlsx
858,LUANA,Não,15,OS_ENTREGUES_DIA,29,"[858, 'LUANA', 'Não']",2024-08-29 00:00:00,,perus,ago_24.xlsx
852,TATY,Não,16,OS_ENTREGUES_DIA,29,"[852, 'TATY', 'Não']",2024-08-29 00:00:00,,perus,ago_24.xlsx
853,TATY,Não,17,OS_ENTREGUES_DIA,29,"[853, 'TATY', 'Não']",2024-08-29 00:00:00,,perus,ago_24.xlsx
864,TATY,Sim,15,OS_ENTREGUES_DIA,30,"[864, 'TATY', 'Sim']",2024-08-30 00:00:00,,perus,ago_24.xlsx
850,ROGÉRIO,Não,16,OS_ENTREGUES_DIA,30,"[850, 'ROGÉRIO', 'Não']",2024-08-30 00:00:00,,perus,ago_24.xlsx
867,TATY,Não,17,OS_ENTREGUES_DIA,30,"[867, 'TATY', 'Não']",2024-08-30 00:00:00,,perus,ago_24.xlsx
874,TATY,Sim,15,OS_ENTREGUES_DIA,31,"[874, 'TATY', 'Sim']",2024-08-31 00:00:00,,perus,ago_24.xlsx
519,ÉRIKA,Não,15,OS_ENTREGUES_DIA,01,"[519, 'ÉRIKA', 'Não']",2023-12-01 00:00:00,,perus,dez_23.xlsx
541,ÉRIKA,Não,16,OS_ENTREGUES_DIA,01,"[541, 'ÉRIKA', 'Não']",2023-12-01 00:00:00,,perus,dez_23.xlsx
508,ÉRIKA,Não,17,OS_ENTREGUES_DIA,01,"[508, 'ÉRIKA', 'Não']",2023-12-01 00:00:00,,perus,dez_23.xlsx
521,TATY,Sim,15,OS_ENTREGUES_DIA,02,"[521, 'TATY', 'Sim']",2023-12-02 00:00:00,,perus,dez_23.xlsx
518,ÉRIKA,Não,16,OS_ENTREGUES_DIA,02,"[518, 'ÉRIKA', 'Não']",2023-12-02 00:00:00,,perus,dez_23.xlsx
505,WILLIAM,Não,17,OS_ENTREGUES_DIA,02,"[505, 'WILLIAM', 'Não']",2023-12-02 00:00:00,,perus,dez_23.xlsx
542,ROGÉRIO,Não,15,OS_ENTREGUES_DIA,04,"[542, 'ROGÉRIO', 'Não']",2023-12-04 00:00:00,,perus,dez_23.xlsx
503,WILLIAM,Não,16,OS_ENTREGUES_DIA,04,"[503, 'WILLIAM', 'Não']",2023-12-04 00:00:00,,perus,dez_23.xlsx
316,SANDY,Sim,15,OS_ENTREGUES_DIA,05,"[316, 'SANDY', 'Sim']",2023-12-05 00:00:00,,perus,dez_23.xlsx
527,ÉRIKA,Não,16,OS_ENTREGUES_DIA,05,"[527, 'ÉRIKA', 'Não']",2023-12-05 00:00:00,,perus,dez_23.xlsx
481,ÉRIKA,Não,17,OS_ENTREGUES_DIA,05,"[481, 'ÉRIKA', 'Não']",2023-12-05 00:00:00,,perus,dez_23.xlsx
520,ÉRIKA,Não,15,OS_ENTREGUES_DIA,16,"[520, 'ÉRIKA', 'Não']",2023-12-16 00:00:00,,perus,dez_23.xlsx
543,ROGÉRIO,Não,15,OS_ENTREGUES_DIA,18,"[543, 'ROGÉRIO', 'Não']",2023-12-18 00:00:00,,perus,dez_23.xlsx
549,ROGÉRIO,Não,16,OS_ENTREGUES_DIA,18,"[549, 'ROGÉRIO', 'Não']",2023-12-18 00:00:00,,perus,dez_23.xlsx
548,ROGÉRIO,Não,15,OS_ENTREGUES_DIA,19,"[548, 'ROGÉRIO', 'Não']",2023-12-19 00:00:00,,perus,dez_23.xlsx
547,ROGÉRIO,Não,15,OS_ENTREGUES_DIA,20,"[547, 'ROGÉRIO', 'Não']",2023-12-20 00:00:00,,perus,dez_23.xlsx
514,SAMUEL,Não,15,OS_ENTREGUES_DIA,22,"[514, 'SAMUEL', 'Não']",2023-12-22 00:00:00,,perus,dez_23.xlsx
552,ROGÉRIO,Não,15,OS_ENTREGUES_DIA,23,"[552, 'ROGÉRIO', 'Não']",2023-12-23 00:00:00,,perus,dez_23.xlsx
554,ROGÉRIO,Não,16,OS_ENTREGUES_DIA,23,"[554, 'ROGÉRIO', 'Não']",2023-12-23 00:00:00,,perus,dez_23.xlsx
528,ÉRIKA,Não,15,OS_ENTREGUES_DIA,27,"[528, 'ÉRIKA', 'Não']",2023-12-27 00:00:00,,perus,dez_23.xlsx
562,ROGÉRIO,Não,15,OS_ENTREGUES_DIA,28,"[562, 'ROGÉRIO', 'Não']",2023-12-28 00:00:00,,perus,dez_23.xlsx
491,TATY,Não,15,OS_ENTREGUES_DIA,29,"[491, 'TATY', 'Não']",2023-12-29 00:00:00,,perus,dez_23.xlsx
557,ROGÉRIO,Não,16,OS_ENTREGUES_DIA,29,"[557, 'ROGÉRIO', 'Não']",2023-12-29 00:00:00,,perus,dez_23.xlsx
564,ROGÉRIO,Não,15,OS_ENTREGUES_DIA,30,"[564, 'ROGÉRIO', 'Não']",2023-12-30 00:00:00,,perus,dez_23.xlsx
551,ROGÉRIO,Não,16,OS_ENTREGUES_DIA,30,"[551, 'ROGÉRIO', 'Não']",2023-12-30 00:00:00,,perus,dez_23.xlsx
556,ROGÉRIO,Não,17,OS_ENTREGUES_DIA,30,"[556, 'ROGÉRIO', 'Não']",2023-12-30 00:00:00,,perus,dez_23.xlsx
6957,LUANA,Não,15,OS_ENTREGUES_DIA,03,"[6957, 'LUANA', 'Não']",2024-12-03 00:00:00,,perus,dez_24.xlsx
6958,LUANA,Não,16,OS_ENTREGUES_DIA,03,"[6958, 'LUANA', 'Não']",2024-12-03 00:00:00,,perus,dez_24.xlsx
6945,LUANA,NÃO,15,OS_ENTREGUES_DIA,05,"[6945, 'LUANA', 'NÃO']",2024-12-05 00:00:00,,perus,dez_24.xlsx
6941,LUANA,NÃO,16,OS_ENTREGUES_DIA,05,"[6941, 'LUANA', 'NÃO']",2024-12-05 00:00:00,,perus,dez_24.xlsx
6954,LUANA,Não,15,OS_ENTREGUES_DIA,11,"[6954, 'LUANA', 'Não']",2024-12-11 00:00:00,,perus,dez_24.xlsx
6943,LUANA,Não,15,OS_ENTREGUES_DIA,13,"[6943, 'LUANA', 'Não']",2024-12-13 00:00:00,,perus,dez_24.xlsx
6956,LUANA,Não,15,OS_ENTREGUES_DIA,14,"[6956, 'LUANA', 'Não']",2024-12-14 00:00:00,,perus,dez_24.xlsx
6951,LUANA,Sim,15,OS_ENTREGUES_DIA,16,"[6951, 'LUANA', 'Sim']",2024-12-16 00:00:00,,perus,dez_24.xlsx
6959,LUANA,Não,15,OS_ENTREGUES_DIA,18,"[6959, 'LUANA', 'Não']",2024-12-18 00:00:00,,perus,dez_24.xlsx
6948,LUANA,Não,15,OS_ENTREGUES_DIA,19,"[6948, 'LUANA', 'Não']",2024-12-19 00:00:00,,perus,dez_24.xlsx
6949,LUANA,Não,16,OS_ENTREGUES_DIA,19,"[6949, 'LUANA', 'Não']",2024-12-19 00:00:00,,perus,dez_24.xlsx
6961,LUANA,Não,15,OS_ENTREGUES_DIA,20,"[6961, 'LUANA', 'Não']",2024-12-20 00:00:00,,perus,dez_24.xlsx
6946,LUANA,Não,15,OS_ENTREGUES_DIA,21,"[6946, 'LUANA', 'Não']",2024-12-21 00:00:00,,perus,dez_24.xlsx
6963,LUANA,Não,15,OS_ENTREGUES_DIA,27,"[6963, 'LUANA', 'Não']",2024-12-27 00:00:00,,perus,dez_24.xlsx
6968,LUANA,Não,15,OS_ENTREGUES_DIA,30,"[6968, 'LUANA', 'Não']",2024-12-30 00:00:00,,perus,dez_24.xlsx
538,ÉRIKA,Não,15,OS_ENTREGUES_DIA,01,"[538, 'ÉRIKA', 'Não']",2024-02-01 00:00:00,,perus,fev_24.xlsx
563,ROGÉRIO,Não,16,OS_ENTREGUES_DIA,01,"[563, 'ROGÉRIO', 'Não']",2024-02-01 00:00:00,,perus,fev_24.xlsx
593,WEVILLY,Não,15,OS_ENTREGUES_DIA,10,"[593, 'WEVILLY', 'Não']",2024-02-10 00:00:00,,perus,fev_24.xlsx
592,WEVILLY,Não,16,OS_ENTREGUES_DIA,10,"[592, 'WEVILLY', 'Não']",2024-02-10 00:00:00,,perus,fev_24.xlsx
591,WEVILLY,Não,17,OS_ENTREGUES_DIA,10,"[591, 'WEVILLY', 'Não']",2024-02-10 00:00:00,,perus,fev_24.xlsx
597,WEVILLY,Não,15,OS_ENTREGUES_DIA,12,"[597, 'WEVILLY', 'Não']",2024-02-12 00:00:00,,perus,fev_24.xlsx
598,WEVILLY,Não,15,OS_ENTREGUES_DIA,19,"[598, 'WEVILLY', 'Não']",2024-02-19 00:00:00,,perus,fev_24.xlsx
569,ROGÉRIO,Não,15,OS_ENTREGUES_DIA,23,"[569, 'ROGÉRIO', 'Não']",2024-02-23 00:00:00,,perus,fev_24.xlsx
602,WEVILLY,Não,15,OS_ENTREGUES_DIA,26,"[602, 'WEVILLY', 'Não']",2024-02-26 00:00:00,,perus,fev_24.xlsx
608,WEVILLY,Sim,16,OS_ENTREGUES_DIA,26,"[608, 'WEVILLY', 'Sim']",2024-02-26 00:00:00,,perus,fev_24.xlsx
605,WEVILLY,Não,15,OS_ENTREGUES_DIA,27,"[605, 'WEVILLY', 'Não']",2024-02-27 00:00:00,,perus,fev_24.xlsx
603,WEVILLY,Não,16,OS_ENTREGUES_DIA,27,"[603, 'WEVILLY', 'Não']",2024-02-27 00:00:00,,perus,fev_24.xlsx
607,WEVILLY,Não,17,OS_ENTREGUES_DIA,27,"[607, 'WEVILLY', 'Não']",2024-02-27 00:00:00,,perus,fev_24.xlsx
560,ROGÉRIO,Não,15,OS_ENTREGUES_DIA,03,"[560, 'ROGÉRIO', 'Não']",2023-12-03 00:00:00,,perus,jan_24.xlsx
561,ROGÉRIO,Não,16,OS_ENTREGUES_DIA,03,"[561, 'ROGÉRIO', 'Não']",2023-12-03 00:00:00,,perus,jan_24.xlsx
550,ROGÉRIO,Não,15,OS_ENTREGUES_DIA,04,"[550, 'ROGÉRIO', 'Não']",2024-01-04 00:00:00,,perus,jan_24.xlsx
555,ROGERIO,Não,15,OS_ENTREGUES_DIA,06,"[555, 'ROGERIO', 'Não']",2024-01-06 00:00:00,,perus,jan_24.xlsx
573,ROGÉRIO,Não,15,OS_ENTREGUES_DIA,10,"[573, 'ROGÉRIO', 'Não']",2024-01-10 00:00:00,,perus,jan_24.xlsx
566,ROGÉRIO,Não,16,OS_ENTREGUES_DIA,10,"[566, 'ROGÉRIO', 'Não']",2024-01-10 00:00:00,,perus,jan_24.xlsx
570,ROGÉRIO,Não,15,OS_ENTREGUES_DIA,13,"[570, 'ROGÉRIO', 'Não']",2024-01-13 00:00:00,,perus,jan_24.xlsx
565,ROGÉRIO,Não,16,OS_ENTREGUES_DIA,13,"[565, 'ROGÉRIO', 'Não']",2024-01-13 00:00:00,,perus,jan_24.xlsx
567,ROGÉRIO,Não,17,OS_ENTREGUES_DIA,13,"[567, 'ROGÉRIO', 'Não']",2024-01-13 00:00:00,,perus,jan_24.xlsx
568,ROGÉRIO,Não,15,OS_ENTREGUES_DIA,15,"[568, 'ROGÉRIO', 'Não']",2024-01-15 00:00:00,,perus,jan_24.xlsx
576,ANA,Não,15,OS_ENTREGUES_DIA,23,"[576, 'ANA', 'Não']",2024-01-23 00:00:00,,perus,jan_24.xlsx
572,ROGÉRIO,Não,16,OS_ENTREGUES_DIA,23,"[572, 'ROGÉRIO', 'Não']",2024-01-23 00:00:00,,perus,jan_24.xlsx
578,ROGÉRIO,Não,15,OS_ENTREGUES_DIA,26,"[578, 'ROGÉRIO', 'Não']",2024-01-26 00:00:00,,perus,jan_24.xlsx
517,ÉRIKA,Sim,16,OS_ENTREGUES_DIA,26,"[517, 'ÉRIKA', 'Sim']",2024-01-26 00:00:00,,perus,jan_24.xlsx
582,WEVILLY,Não,15,OS_ENTREGUES_DIA,27,"[582, 'WEVILLY', 'Não']",2024-01-27 00:00:00,,perus,jan_24.xlsx
574,ROGÉRIO,Não,16,OS_ENTREGUES_DIA,27,"[574, 'ROGÉRIO', 'Não']",2024-01-27 00:00:00,,perus,jan_24.xlsx
575,ROGÉRIO,Não,17,OS_ENTREGUES_DIA,27,"[575, 'ROGÉRIO', 'Não']",2024-01-27 00:00:00,,perus,jan_24.xlsx
577,ROGÉRIO,Não,15,OS_ENTREGUES_DIA,29,"[577, 'ROGÉRIO', 'Não']",2024-01-29 00:00:00,,perus,jan_24.xlsx
581,WEVILLY,Não,16,OS_ENTREGUES_DIA,29,"[581, 'WEVILLY', 'Não']",2024-01-29 00:00:00,,perus,jan_24.xlsx
499,ÉRIKA,Sim,15,OS_ENTREGUES_DIA,30,"[499, 'ÉRIKA', 'Sim']",2024-01-30 00:00:00,,perus,jan_24.xlsx
6966,LUANA,Não,15,OS_ENTREGUES_DIA,03,"[6966, 'LUANA', 'Não']",2025-01-03 00:00:00,PERUS,perus,jan_25.xlsx
6952,LUANA,Não,16,OS_ENTREGUES_DIA,03,"[6952, 'LUANA', 'Não']",2025-01-03 00:00:00,PERUS,perus,jan_25.xlsx
6962,LUANA,Não,15,OS_ENTREGUES_DIA,07,"[6962, 'LUANA', 'Não']",2025-01-07 00:00:00,PERUS,perus,jan_25.xlsx
6960,LUANA,Não,16,OS_ENTREGUES_DIA,07,"[6960, 'LUANA', 'Não']",2025-01-07 00:00:00,PERUS,perus,jan_25.xlsx
6969,LUANA,Não,15,OS_ENTREGUES_DIA,22,"[6969, 'LUANA', 'Não']",2025-01-22 00:00:00,PERUS,perus,jan_25.xlsx
6970,LUANA,Não,16,OS_ENTREGUES_DIA,22,"[6970, 'LUANA', 'Não']",2025-01-22 00:00:00,PERUS,perus,jan_25.xlsx
269,ARIANI,Não,15,OS_ENTREGUES_DIA,02,"[269, 'ARIANI', 'Não']",2023-07-02 00:00:00,,perus,jul_23.xlsx
302,ARIANI,Não,16,OS_ENTREGUES_DIA,02,"[302, 'ARIANI', 'Não']",2023-07-02 00:00:00,,perus,jul_23.xlsx
341,ARIANI,Não,15,OS_ENTREGUES_DIA,28,"[341, 'ARIANI', 'Não']",2023-07-28 00:00:00,,perus,jul_23.xlsx
359,ARIANI,Não,16,OS_ENTREGUES_DIA,28,"[359, 'ARIANI', 'Não']",2023-07-28 00:00:00,,perus,jul_23.xlsx
746,LUANA,Não,15,OS_ENTREGUES_DIA,01,"[746, 'LUANA', 'Não']",2024-07-01 00:00:00,,perus,jul_24.xlsx
745,LUANA,Não,16,OS_ENTREGUES_DIA,01,"[745, 'LUANA', 'Não']",2024-07-01 00:00:00,,perus,jul_24.xlsx
750,LUANA,Não,15,OS_ENTREGUES_DIA,02,"[750, 'LUANA', 'Não']",2024-07-02 00:00:00,,perus,jul_24.xlsx
751,LUANA,Não,16,OS_ENTREGUES_DIA,02,"[751, 'LUANA', 'Não']",2024-07-02 00:00:00,,perus,jul_24.xlsx
739,TATY,Não,15,OS_ENTREGUES_DIA,04,"[739, 'TATY', 'Não']",2024-07-04 00:00:00,,perus,jul_24.xlsx
741,TATY,Não,16,OS_ENTREGUES_DIA,04,"[741, 'TATY', 'Não']",2024-07-04 00:00:00,,perus,jul_24.xlsx
769,LUANA,Sim,17,OS_ENTREGUES_DIA,04,"[769, 'LUANA', 'Sim']",2024-07-04 00:00:00,,perus,jul_24.xlsx
770,LUANA,Sim,18,OS_ENTREGUES_DIA,04,"[770, 'LUANA', 'Sim']",2024-07-04 00:00:00,,perus,jul_24.xlsx
739,TATY,Não,19,OS_ENTREGUES_DIA,04,"[739, 'TATY', 'Não']",2024-07-04 00:00:00,,perus,jul_24.xlsx
740,TATY,Não,20,OS_ENTREGUES_DIA,04,"[740, 'TATY', 'Não']",2024-07-04 00:00:00,,perus,jul_24.xlsx
783,ROGÉRIO,NÃO,15,OS_ENTREGUES_DIA,05,"[783, 'ROGÉRIO', 'NÃO']",2024-07-05 00:00:00,,perus,jul_24.xlsx
771,LUANA,NÃO,16,OS_ENTREGUES_DIA,05,"[771, 'LUANA', 'NÃO']",2024-07-05 00:00:00,,perus,jul_24.xlsx
765,LUANA,Não,15,OS_ENTREGUES_DIA,06,"[765, 'LUANA', 'Não']",2024-07-06 00:00:00,,perus,jul_24.xlsx
690,LUANA,Sim,16,OS_ENTREGUES_DIA,06,"[690, 'LUANA', 'Sim']",2024-07-06 00:00:00,,perus,jul_24.xlsx
759,LUANA,Sim,17,OS_ENTREGUES_DIA,06,"[759, 'LUANA', 'Sim']",2024-07-06 00:00:00,,perus,jul_24.xlsx
734,LUANA,Não,15,OS_ENTREGUES_DIA,08,"[734, 'LUANA', 'Não']",2024-07-08 00:00:00,,perus,jul_24.xlsx
767,LUANA,Não,16,OS_ENTREGUES_DIA,08,"[767, 'LUANA', 'Não']",2024-07-08 00:00:00,,perus,jul_24.xlsx
781,LUANA,Sim,15,OS_ENTREGUES_DIA,10,"[781, 'LUANA', 'Sim']",2024-07-10 00:00:00,,perus,jul_24.xlsx
757,LUANA,Não,15,OS_ENTREGUES_DIA,11,"[757, 'LUANA', 'Não']",2024-07-11 00:00:00,,perus,jul_24.xlsx
725,LUANA,Não,15,OS_ENTREGUES_DIA,12,"[725, 'LUANA', 'Não']",2024-07-12 00:00:00,,perus,jul_24.xlsx
688,LUANA,Não,16,OS_ENTREGUES_DIA,12,"[688, 'LUANA', 'Não']",2024-07-12 00:00:00,,perus,jul_24.xlsx
711,LUANA,Não,15,OS_ENTREGUES_DIA,13,"[711, 'LUANA', 'Não']",2024-07-13 00:00:00,,perus,jul_24.xlsx
728,LUANA,Sim,15,OS_ENTREGUES_DIA,15,"[728, 'LUANA', 'Sim']",2024-07-15 00:00:00,,perus,jul_24.xlsx
772,LUANA,Sim,16,OS_ENTREGUES_DIA,15,"[772, 'LUANA', 'Sim']",2024-07-15 00:00:00,,perus,jul_24.xlsx
786,LUANA,Sim,15,OS_ENTREGUES_DIA,16,"[786, 'LUANA', 'Sim']",2024-07-16 00:00:00,,perus,jul_24.xlsx
788,ROGÉRIO,Não,16,OS_ENTREGUES_DIA,16,"[788, 'ROGÉRIO', 'Não']",2024-07-16 00:00:00,,perus,jul_24.xlsx
792,ROGÉRIO,Não,17,OS_ENTREGUES_DIA,16,"[792, 'ROGÉRIO', 'Não']",2024-07-16 00:00:00,,perus,jul_24.xlsx
766,LUANA,Sim,15,OS_ENTREGUES_DIA,17,"[766, 'LUANA', 'Sim']",2024-07-17 00:00:00,,perus,jul_24.xlsx
763,LUANA,Sim,16,OS_ENTREGUES_DIA,17,"[763, 'LUANA', 'Sim']",2024-07-17 00:00:00,,perus,jul_24.xlsx
800,TATY,Não,17,OS_ENTREGUES_DIA,17,"[800, 'TATY', 'Não']",2024-07-17 00:00:00,,perus,jul_24.xlsx
790,LUANA,Não,15,OS_ENTREGUES_DIA,19,"[790, 'LUANA', 'Não']",2024-07-19 00:00:00,,perus,jul_24.xlsx
793,ROGÉRIO,Não,16,OS_ENTREGUES_DIA,19,"[793, 'ROGÉRIO', 'Não']",2024-07-19 00:00:00,,perus,jul_24.xlsx
794,LUANA,Sim,15,OS_ENTREGUES_DIA,20,"[794, 'LUANA', 'Sim']",2024-07-20 00:00:00,,perus,jul_24.xlsx
797,LUANA,Não,16,OS_ENTREGUES_DIA,20,"[797, 'LUANA', 'Não']",2024-07-20 00:00:00,,perus,jul_24.xlsx
812,LUANA,Não,17,OS_ENTREGUES_DIA,20,"[812, 'LUANA', 'Não']",2024-07-20 00:00:00,,perus,jul_24.xlsx
806,LUANA,Não,18,OS_ENTREGUES_DIA,20,"[806, 'LUANA', 'Não']",2024-07-20 00:00:00,,perus,jul_24.xlsx
811,LUANA,Sim,19,OS_ENTREGUES_DIA,20,"[811, 'LUANA', 'Sim']",2024-07-20 00:00:00,,perus,jul_24.xlsx
812,LUANA,Não,20,OS_ENTREGUES_DIA,20,"[812, 'LUANA', 'Não']",2024-07-20 00:00:00,,perus,jul_24.xlsx
827,LUANA,Sim,21,OS_ENTREGUES_DIA,20,"[827, 'LUANA', 'Sim']",2024-07-20 00:00:00,,perus,jul_24.xlsx
727,LUANA,Sim,22,OS_ENTREGUES_DIA,20,"[727, 'LUANA', 'Sim']",2024-07-20 00:00:00,,perus,jul_24.xlsx
773,LUANA,Não,23,OS_ENTREGUES_DIA,20,"[773, 'LUANA', 'Não']",2024-07-20 00:00:00,,perus,jul_24.xlsx
Entrega de Carne,,,33,OS_ENTREGUES_DIA,20,"['Entrega de Carne', '', '']",2024-07-20 00:00:00,,perus,jul_24.xlsx
OS,Parcelas,Valor Total,34,OS_ENTREGUES_DIA,20,"['OS', 'Parcelas', 'Valor Total']",2024-07-20 00:00:00,,perus,jul_24.xlsx
794,8,700,35,OS_ENTREGUES_DIA,20,"[794, 8, 700]",2024-07-20 00:00:00,,perus,jul_24.xlsx
811,5,590,36,OS_ENTREGUES_DIA,20,"[811, 5, 590]",2024-07-20 00:00:00,,perus,jul_24.xlsx
727,8,880,37,OS_ENTREGUES_DIA,20,"[727, 8, 880]",2024-07-20 00:00:00,,perus,jul_24.xlsx
804,LUANA,Não,15,OS_ENTREGUES_DIA,23,"[804, 'LUANA', 'Não']",2024-07-23 00:00:00,,perus,jul_24.xlsx
814,LUANA,Não,16,OS_ENTREGUES_DIA,23,"[814, 'LUANA', 'Não']",2024-07-23 00:00:00,,perus,jul_24.xlsx
777,LUANA,Não,17,OS_ENTREGUES_DIA,23,"[777, 'LUANA', 'Não']",2024-07-23 00:00:00,,perus,jul_24.xlsx
807,LUANA,Não,18,OS_ENTREGUES_DIA,23,"[807, 'LUANA', 'Não']",2024-07-23 00:00:00,,perus,jul_24.xlsx
808,LUANA,Não,19,OS_ENTREGUES_DIA,23,"[808, 'LUANA', 'Não']",2024-07-23 00:00:00,,perus,jul_24.xlsx
787,LUANA,Sim,20,OS_ENTREGUES_DIA,23,"[787, 'LUANA', 'Sim']",2024-07-23 00:00:00,,perus,jul_24.xlsx
774,LUANA,Não,15,OS_ENTREGUES_DIA,24,"[774, 'LUANA', 'Não']",2024-07-24 00:00:00,,perus,jul_24.xlsx
778,LUANA,Não,16,OS_ENTREGUES_DIA,24,"[778, 'LUANA', 'Não']",2024-07-24 00:00:00,,perus,jul_24.xlsx
802,LUANA,Não,15,OS_ENTREGUES_DIA,26,"[802, 'LUANA', 'Não']",2024-07-26 00:00:00,,perus,jul_24.xlsx
813,LUANA,Não,16,OS_ENTREGUES_DIA,26,"[813, 'LUANA', 'Não']",2024-07-26 00:00:00,,perus,jul_24.xlsx
815,LUANA,Sim,15,OS_ENTREGUES_DIA,27,"[815, 'LUANA', 'Sim']",2024-07-27 00:00:00,,perus,jul_24.xlsx
780,LUANA,Não,16,OS_ENTREGUES_DIA,27,"[780, 'LUANA', 'Não']",2024-07-27 00:00:00,,perus,jul_24.xlsx
782,LUANA,Não,17,OS_ENTREGUES_DIA,27,"[782, 'LUANA', 'Não']",2024-07-27 00:00:00,,perus,jul_24.xlsx
816,LUANA,Não,18,OS_ENTREGUES_DIA,27,"[816, 'LUANA', 'Não']",2024-07-27 00:00:00,,perus,jul_24.xlsx
830,LUANA,Sim,15,OS_ENTREGUES_DIA,30,"[830, 'LUANA', 'Sim']",2024-07-30 00:00:00,,perus,jul_24.xlsx
709,LUANA,Sim,16,OS_ENTREGUES_DIA,30,"[709, 'LUANA', 'Sim']",2024-07-30 00:00:00,,perus,jul_24.xlsx
809,TATY,Não,15,OS_ENTREGUES_DIA,31,"[809, 'TATY', 'Não']",2024-07-31 00:00:00,,perus,jul_24.xlsx
311,SANDY,Não,15,OS_ENTREGUES_DIA,16,"[311, 'SANDY', 'Não']",2023-06-16 00:00:00,,perus,jun_23.xlsx
323,ARIANI,Não,16,OS_ENTREGUES_DIA,16,"[323, 'ARIANI', 'Não']",2023-06-16 00:00:00,,perus,jun_23.xlsx
326,SANDY,Não,17,OS_ENTREGUES_DIA,16,"[326, 'SANDY', 'Não']",2023-06-16 00:00:00,,perus,jun_23.xlsx
337,SANDY,Não,18,OS_ENTREGUES_DIA,16,"[337, 'SANDY', 'Não']",2023-06-16 00:00:00,,perus,jun_23.xlsx
348,SANDY,Não,19,OS_ENTREGUES_DIA,16,"[348, 'SANDY', 'Não']",2023-06-16 00:00:00,,perus,jun_23.xlsx
349,ARIANI,Não,20,OS_ENTREGUES_DIA,16,"[349, 'ARIANI', 'Não']",2023-06-16 00:00:00,,perus,jun_23.xlsx
350,ARIANI,Não,21,OS_ENTREGUES_DIA,16,"[350, 'ARIANI', 'Não']",2023-06-16 00:00:00,,perus,jun_23.xlsx
701,LUANA,Não,15,OS_ENTREGUES_DIA,03,"[701, 'LUANA', 'Não']",2024-06-03 00:00:00,,perus,jun_24.xlsx
693,LUANA,SIM,15,OS_ENTREGUES_DIA,05,"[693, 'LUANA', 'SIM']",2024-06-05 00:00:00,,perus,jun_24.xlsx
699,LUANA,NÃO,16,OS_ENTREGUES_DIA,05,"[699, 'LUANA', 'NÃO']",2024-06-05 00:00:00,,perus,jun_24.xlsx
692,LUANA,Não,15,OS_ENTREGUES_DIA,07,"[692, 'LUANA', 'Não']",2024-06-07 00:00:00,,perus,jun_24.xlsx
700,LUANA,Não,16,OS_ENTREGUES_DIA,07,"[700, 'LUANA', 'Não']",2024-06-07 00:00:00,,perus,jun_24.xlsx
685,LUANA,Não,17,OS_ENTREGUES_DIA,07,"[685, 'LUANA', 'Não']",2024-06-07 00:00:00,,perus,jun_24.xlsx
686,LUANA,Não,18,OS_ENTREGUES_DIA,07,"[686, 'LUANA', 'Não']",2024-06-07 00:00:00,,perus,jun_24.xlsx
709,LUANA,Não,19,OS_ENTREGUES_DIA,07,"[709, 'LUANA', 'Não']",2024-06-07 00:00:00,,perus,jun_24.xlsx
706,LUANA,Não,15,OS_ENTREGUES_DIA,08,"[706, 'LUANA', 'Não']",2024-06-08 00:00:00,,perus,jun_24.xlsx
714,LUANA,Não,16,OS_ENTREGUES_DIA,08,"[714, 'LUANA', 'Não']",2024-06-08 00:00:00,,perus,jun_24.xlsx
707,LUANA,Não,15,OS_ENTREGUES_DIA,11,"[707, 'LUANA', 'Não']",2024-06-11 00:00:00,,perus,jun_24.xlsx
712,LUANA,Sim,15,OS_ENTREGUES_DIA,12,"[712, 'LUANA', 'Sim']",2024-06-12 00:00:00,,perus,jun_24.xlsx
705,Luana,Não,16,OS_ENTREGUES_DIA,12,"[705, 'Luana', 'Não']",2024-06-12 00:00:00,,perus,jun_24.xlsx
735,Taty,Não,17,OS_ENTREGUES_DIA,12,"[735, 'Taty', 'Não']",2024-06-12 00:00:00,,perus,jun_24.xlsx
713,luana,Não,15,OS_ENTREGUES_DIA,13,"[713, 'luana', 'Não']",2024-06-13 00:00:00,,perus,jun_24.xlsx
732,luana,Não,15,OS_ENTREGUES_DIA,14,"[732, 'luana', 'Não']",2024-06-14 00:00:00,,perus,jun_24.xlsx
720,LUANA,Não,15,OS_ENTREGUES_DIA,15,"[720, 'LUANA', 'Não']",2024-06-15 00:00:00,,perus,jun_24.xlsx
702,LUANA,Não,15,OS_ENTREGUES_DIA,17,"[702, 'LUANA', 'Não']",2024-06-17 00:00:00,,perus,jun_24.xlsx
710,LUANA,Não,15,OS_ENTREGUES_DIA,18,"[710, 'LUANA', 'Não']",2024-06-18 00:00:00,,perus,jun_24.xlsx
717,LUANA,Não,16,OS_ENTREGUES_DIA,18,"[717, 'LUANA', 'Não']",2024-06-18 00:00:00,,perus,jun_24.xlsx
722,LUANA,Não,17,OS_ENTREGUES_DIA,18,"[722, 'LUANA', 'Não']",2024-06-18 00:00:00,,perus,jun_24.xlsx
730,LUANA,Não,18,OS_ENTREGUES_DIA,18,"[730, 'LUANA', 'Não']",2024-06-18 00:00:00,,perus,jun_24.xlsx
726,LUANA,Não,19,OS_ENTREGUES_DIA,18,"[726, 'LUANA', 'Não']",2024-06-18 00:00:00,,perus,jun_24.xlsx
755,Taty,Não,20,OS_ENTREGUES_DIA,18,"[755, 'Taty', 'Não']",2024-06-18 00:00:00,,perus,jun_24.xlsx
723,LUANA,Não,15,OS_ENTREGUES_DIA,19,"[723, 'LUANA', 'Não']",2024-06-19 00:00:00,,perus,jun_24.xlsx
741,LUANA,Não,16,OS_ENTREGUES_DIA,19,"[741, 'LUANA', 'Não']",2024-06-19 00:00:00,,perus,jun_24.xlsx
716,LUANA,Sim,15,OS_ENTREGUES_DIA,20,"[716, 'LUANA', 'Sim']",2024-06-20 00:00:00,,perus,jun_24.xlsx
731,LUANA,Não,16,OS_ENTREGUES_DIA,20,"[731, 'LUANA', 'Não']",2024-06-20 00:00:00,,perus,jun_24.xlsx
715,LUANA,Não,17,OS_ENTREGUES_DIA,20,"[715, 'LUANA', 'Não']",2024-06-20 00:00:00,,perus,jun_24.xlsx
721,luana,Sim,15,OS_ENTREGUES_DIA,21,"[721, 'luana', 'Sim']",2024-06-21 00:00:00,,perus,jun_24.xlsx
718,luana,Não,16,OS_ENTREGUES_DIA,21,"[718, 'luana', 'Não']",2024-06-21 00:00:00,,perus,jun_24.xlsx
744,luana,Não,17,OS_ENTREGUES_DIA,21,"[744, 'luana', 'Não']",2024-06-21 00:00:00,,perus,jun_24.xlsx
698,luana,Não,18,OS_ENTREGUES_DIA,21,"[698, 'luana', 'Não']",2024-06-21 00:00:00,,perus,jun_24.xlsx
708,LUANA,Não,15,OS_ENTREGUES_DIA,22,"[708, 'LUANA', 'Não']",2024-06-22 00:00:00,,perus,jun_24.xlsx
729,LUANA,Não,16,OS_ENTREGUES_DIA,22,"[729, 'LUANA', 'Não']",2024-06-22 00:00:00,,perus,jun_24.xlsx
742,Rogerio ,Não,15,OS_ENTREGUES_DIA,24,"[742, 'Rogerio ', 'Não']",2024-06-24 00:00:00,,perus,jun_24.xlsx
754,Luana,Não,16,OS_ENTREGUES_DIA,24,"[754, 'Luana', 'Não']",2024-06-24 00:00:00,,perus,jun_24.xlsx
733,luana,Não,15,OS_ENTREGUES_DIA,25,"[733, 'luana', 'Não']",2024-06-25 00:00:00,,perus,jun_24.xlsx
738,LUANA,Não,16,OS_ENTREGUES_DIA,25,"[738, 'LUANA', 'Não']",2024-06-25 00:00:00,,perus,jun_24.xlsx
749,LUANA ,Sim,15,OS_ENTREGUES_DIA,26,"[749, 'LUANA ', 'Sim']",2024-06-26 00:00:00,,perus,jun_24.xlsx
743,LUANA ,Não,16,OS_ENTREGUES_DIA,26,"[743, 'LUANA ', 'Não']",2024-06-26 00:00:00,,perus,jun_24.xlsx
764,Luana,Sim,15,OS_ENTREGUES_DIA,27,"[764, 'Luana', 'Sim']",2024-06-27 00:00:00,,perus,jun_24.xlsx
734,LUANA,Não,15,OS_ENTREGUES_DIA,28,"[734, 'LUANA', 'Não']",2024-06-28 00:00:00,,perus,jun_24.xlsx
761,LUANA,Não,16,OS_ENTREGUES_DIA,28,"[761, 'LUANA', 'Não']",2024-06-28 00:00:00,,perus,jun_24.xlsx
760,LUANA,Não,15,OS_ENTREGUES_DIA,29,"[760, 'LUANA', 'Não']",2024-06-29 00:00:00,,perus,jun_24.xlsx
725,LUANA,Não,16,OS_ENTREGUES_DIA,29,"[725, 'LUANA', 'Não']",2024-06-29 00:00:00,,perus,jun_24.xlsx
704,LUANA,Não,17,OS_ENTREGUES_DIA,29,"[704, 'LUANA', 'Não']",2024-06-29 00:00:00,,perus,jun_24.xlsx
758,LUANA,Não,18,OS_ENTREGUES_DIA,29,"[758, 'LUANA', 'Não']",2024-06-29 00:00:00,,perus,jun_24.xlsx
664,LUANA,Não,15,OS_ENTREGUES_DIA,03,"[664, 'LUANA', 'Não']",2024-05-03 00:00:00,,perus,mai_24.xlsx
662,LUANA,Não,15,OS_ENTREGUES_DIA,06,"[662, 'LUANA', 'Não']",2024-05-06 00:00:00,,perus,mai_24.xlsx
663,luana,Não,15,OS_ENTREGUES_DIA,09,"[663, 'luana', 'Não']",2024-05-09 00:00:00,,perus,mai_24.xlsx
669,luana,Não,15,OS_ENTREGUES_DIA,10,"[669, 'luana', 'Não']",2024-05-10 00:00:00,,perus,mai_24.xlsx
667,LUANA,Não,15,OS_ENTREGUES_DIA,15,"[667, 'LUANA', 'Não']",2024-05-15 00:00:00,,perus,mai_24.xlsx
668,LUANA,Não,16,OS_ENTREGUES_DIA,15,"[668, 'LUANA', 'Não']",2024-05-15 00:00:00,,perus,mai_24.xlsx
680,LUANA,Sim,15,OS_ENTREGUES_DIA,17,"[680, 'LUANA', 'Sim']",2024-05-17 00:00:00,,perus,mai_24.xlsx
672,LUANA,Sim,16,OS_ENTREGUES_DIA,17,"[672, 'LUANA', 'Sim']",2024-05-17 00:00:00,,perus,mai_24.xlsx
682,LUANA,Não,17,OS_ENTREGUES_DIA,17,"[682, 'LUANA', 'Não']",2024-05-17 00:00:00,,perus,mai_24.xlsx
671,LUANA,Não,18,OS_ENTREGUES_DIA,17,"[671, 'LUANA', 'Não']",2024-05-17 00:00:00,,perus,mai_24.xlsx
683,LUANA,Não,15,OS_ENTREGUES_DIA,18,"[683, 'LUANA', 'Não']",2024-05-18 00:00:00,,perus,mai_24.xlsx
665,LUANA,Não,16,OS_ENTREGUES_DIA,18,"[665, 'LUANA', 'Não']",2024-05-18 00:00:00,,perus,mai_24.xlsx
679,LUANA ,Não,15,OS_ENTREGUES_DIA,21,"[679, 'LUANA ', 'Não']",2024-05-21 00:00:00,,perus,mai_24.xlsx
674,LUANA ,Não,16,OS_ENTREGUES_DIA,21,"[674, 'LUANA ', 'Não']",2024-05-21 00:00:00,,perus,mai_24.xlsx
675,LUANA ,Não,17,OS_ENTREGUES_DIA,21,"[675, 'LUANA ', 'Não']",2024-05-21 00:00:00,,perus,mai_24.xlsx
673,LUANA,Não,15,OS_ENTREGUES_DIA,23,"[673, 'LUANA', 'Não']",2024-05-23 00:00:00,,perus,mai_24.xlsx
695,LUANA,Não,15,OS_ENTREGUES_DIA,25,"[695, 'LUANA', 'Não']",2024-05-25 00:00:00,,perus,mai_24.xlsx
678,LUANA,Não,16,OS_ENTREGUES_DIA,25,"[678, 'LUANA', 'Não']",2024-05-25 00:00:00,,perus,mai_24.xlsx
694,LUANA,Não,15,OS_ENTREGUES_DIA,28,"[694, 'LUANA', 'Não']",2024-05-28 00:00:00,,perus,mai_24.xlsx
696,LUANA,Não,16,OS_ENTREGUES_DIA,28,"[696, 'LUANA', 'Não']",2024-05-28 00:00:00,,perus,mai_24.xlsx
684,LUANA,Não,17,OS_ENTREGUES_DIA,28,"[684, 'LUANA', 'Não']",2024-05-28 00:00:00,,perus,mai_24.xlsx
703,Luana,Não,18,OS_ENTREGUES_DIA,28,"[703, 'Luana', 'Não']",2024-05-28 00:00:00,,perus,mai_24.xlsx
687,LUANA,Não,15,OS_ENTREGUES_DIA,31,"[687, 'LUANA', 'Não']",  ,,perus,mai_24.xlsx
590,WEVILLY,Não,15,OS_ENTREGUES_DIA,01,"[590, 'WEVILLY', 'Não']",2024-03-01 00:00:00,,perus,mar_24.xlsx
611,WEVILLY,Não,15,OS_ENTREGUES_DIA,02,"[611, 'WEVILLY', 'Não']",2024-03-02 00:00:00,,perus,mar_24.xlsx
600,WEVILLY,Não,15,OS_ENTREGUES_DIA,04,"[600, 'WEVILLY', 'Não']",2024-03-04 00:00:00,,perus,mar_24.xlsx
613,WEVILLY,Não,16,OS_ENTREGUES_DIA,04,"[613, 'WEVILLY', 'Não']",2024-03-04 00:00:00,,perus,mar_24.xlsx
601,WEVILLY,Não,15,OS_ENTREGUES_DIA,08,"[601, 'WEVILLY', 'Não']",2024-03-08 00:00:00,,perus,mar_24.xlsx
606,WEVILLY,Não,16,OS_ENTREGUES_DIA,08,"[606, 'WEVILLY', 'Não']",2024-03-08 00:00:00,,perus,mar_24.xlsx
617,Wevilly,Não,15,OS_ENTREGUES_DIA,12,"[617, 'Wevilly', 'Não']",2024-03-12 00:00:00,,perus,mar_24.xlsx
621,WEVILLY,Não,15,OS_ENTREGUES_DIA,16,"[621, 'WEVILLY', 'Não']",2024-03-16 00:00:00,,perus,mar_24.xlsx
619,WEVILLY,Não,15,OS_ENTREGUES_DIA,25,"[619, 'WEVILLY', 'Não']",2024-03-25 00:00:00,,perus,mar_24.xlsx
623,WEVILLY,Não,16,OS_ENTREGUES_DIA,25,"[623, 'WEVILLY', 'Não']",2024-03-25 00:00:00,,perus,mar_24.xlsx
477,Érika,Não,15,OS_ENTREGUES_DIA,01,"[477, 'Érika', 'Não']",2023-11-01 00:00:00,,perus,nov_23.xlsx
478,Érika,Não,16,OS_ENTREGUES_DIA,01,"[478, 'Érika', 'Não']",2023-11-01 00:00:00,,perus,nov_23.xlsx
463,Érika,Não,15,OS_ENTREGUES_DIA,03,"[463, 'Érika', 'Não']",2023-11-03 00:00:00,,perus,nov_23.xlsx
506,William,Não,16,OS_ENTREGUES_DIA,03,"[506, 'William', 'Não']",2023-11-03 00:00:00,,perus,nov_23.xlsx
421,,Não,15,OS_ENTREGUES_DIA,04,"[421, '', 'Não']",2023-11-04 00:00:00,,perus,nov_23.xlsx
456,Erika,Não,16,OS_ENTREGUES_DIA,04,"[456, 'Erika', 'Não']",2023-11-04 00:00:00,,perus,nov_23.xlsx
462,Taty/Erika,Não,17,OS_ENTREGUES_DIA,04,"[462, 'Taty/Erika', 'Não']",2023-11-04 00:00:00,,perus,nov_23.xlsx
489,Taty,Não,18,OS_ENTREGUES_DIA,04,"[489, 'Taty', 'Não']",2023-11-04 00:00:00,,perus,nov_23.xlsx
487,Taty,Não,15,OS_ENTREGUES_DIA,06,"[487, 'Taty', 'Não']",2023-11-06 00:00:00,,perus,nov_23.xlsx
490,Taty,Não,16,OS_ENTREGUES_DIA,06,"[490, 'Taty', 'Não']",2023-11-06 00:00:00,,perus,nov_23.xlsx
506,William,Não,15,OS_ENTREGUES_DIA,07,"[506, 'William', 'Não']",2023-11-07 00:00:00,,perus,nov_23.xlsx
484,Joana,Não,15,OS_ENTREGUES_DIA,08,"[484, 'Joana', 'Não']",2023-11-08 00:00:00,,perus,nov_23.xlsx
465,Érika,Sim,15,OS_ENTREGUES_DIA,10,"[465, 'Érika', 'Sim']",2023-11-10 00:00:00,,perus,nov_23.xlsx
504,William,Não,15,OS_ENTREGUES_DIA,11,"[504, 'William', 'Não']",2023-11-11 00:00:00,,perus,nov_23.xlsx
498,Érika,Não,15,OS_ENTREGUES_DIA,13,"[498, 'Érika', 'Não']",2023-11-13 00:00:00,,perus,nov_23.xlsx
512,Érika,Não,15,OS_ENTREGUES_DIA,14,"[512, 'Érika', 'Não']",2023-11-14 00:00:00,,perus,nov_23.xlsx
492,Taty,Não,16,OS_ENTREGUES_DIA,14,"[492, 'Taty', 'Não']",2023-11-14 00:00:00,,perus,nov_23.xlsx
494,Taty,Não,17,OS_ENTREGUES_DIA,14,"[494, 'Taty', 'Não']",2023-11-14 00:00:00,,perus,nov_23.xlsx
513,SAMUEL,Não,15,OS_ENTREGUES_DIA,16,"[513, 'SAMUEL', 'Não']",2023-11-16 00:00:00,,perus,nov_23.xlsx
474,TATY,Sim,16,OS_ENTREGUES_DIA,16,"[474, 'TATY', 'Sim']",2023-11-16 00:00:00,,perus,nov_23.xlsx
475,TATY,Sim,17,OS_ENTREGUES_DIA,16,"[475, 'TATY', 'Sim']",2023-11-16 00:00:00,,perus,nov_23.xlsx
509,ÉRIKA,Não,15,OS_ENTREGUES_DIA,18,"[509, 'ÉRIKA', 'Não']",2023-11-18 00:00:00,,perus,nov_23.xlsx
485,TATY,Não,16,OS_ENTREGUES_DIA,18,"[485, 'TATY', 'Não']",2023-11-18 00:00:00,,perus,nov_23.xlsx
519,ÉRIKA,Não,17,OS_ENTREGUES_DIA,18,"[519, 'ÉRIKA', 'Não']",2023-11-18 00:00:00,,perus,nov_23.xlsx
520,ÉRIKA,Não,18,OS_ENTREGUES_DIA,18,"[520, 'ÉRIKA', 'Não']",2023-11-18 00:00:00,,perus,nov_23.xlsx
511,SAMUEL,Não,19,OS_ENTREGUES_DIA,18,"[511, 'SAMUEL', 'Não']",2023-11-18 00:00:00,,perus,nov_23.xlsx
497,ÉRIKA,Não,15,OS_ENTREGUES_DIA,21,"[497, 'ÉRIKA', 'Não']",2023-11-21 00:00:00,,perus,nov_23.xlsx
483,JOANA,Não,15,OS_ENTREGUES_DIA,22,"[483, 'JOANA', 'Não']",2023-11-22 00:00:00,,perus,nov_23.xlsx
480,ÉRIKA,Sim,16,OS_ENTREGUES_DIA,22,"[480, 'ÉRIKA', 'Sim']",2023-11-22 00:00:00,,perus,nov_23.xlsx
493,TATY,Não,15,OS_ENTREGUES_DIA,23,"[493, 'TATY', 'Não']",2023-11-23 00:00:00,,perus,nov_23.xlsx
495,JOANA,Não,16,OS_ENTREGUES_DIA,23,"[495, 'JOANA', 'Não']",2023-11-23 00:00:00,,perus,nov_23.xlsx
501,ÉRIKA,Não,15,OS_ENTREGUES_DIA,25,"[501, 'ÉRIKA', 'Não']",2023-11-25 00:00:00,,perus,nov_23.xlsx
516,ÉRIKA,Não,16,OS_ENTREGUES_DIA,25,"[516, 'ÉRIKA', 'Não']",2023-11-25 00:00:00,,perus,nov_23.xlsx
522,TATY,Sim,17,OS_ENTREGUES_DIA,25,"[522, 'TATY', 'Sim']",2023-11-25 00:00:00,,perus,nov_23.xlsx
524,TATY,Sim,18,OS_ENTREGUES_DIA,25,"[524, 'TATY', 'Sim']",2023-11-25 00:00:00,,perus,nov_23.xlsx
525,ANA,Não,15,OS_ENTREGUES_DIA,27,"[525, 'ANA', 'Não']",2023-11-27 00:00:00,,perus,nov_23.xlsx
529,ÉRIKA,Não,15,OS_ENTREGUES_DIA,29,"[529, 'ÉRIKA', 'Não']",2023-11-29 00:00:00,,perus,nov_23.xlsx
500,ÉRIKA,Não,16,OS_ENTREGUES_DIA,29,"[500, 'ÉRIKA', 'Não']",2023-11-29 00:00:00,,perus,nov_23.xlsx
479,ÉRIKA,Não,15,OS_ENTREGUES_DIA,30,"[479, 'ÉRIKA', 'Não']",2023-11-30 00:00:00,,perus,nov_23.xlsx
6805,TATY,Não,15,OS_ENTREGUES_DIA,01,"[6805, 'TATY', 'Não']",2024-11-01 00:00:00,,perus,nov_24.xlsx
6914,TATY,Não,16,OS_ENTREGUES_DIA,01,"[6914, 'TATY', 'Não']",2024-11-01 00:00:00,,perus,nov_24.xlsx
6928,LUANA,Não,17,OS_ENTREGUES_DIA,01,"[6928, 'LUANA', 'Não']",2024-11-01 00:00:00,,perus,nov_24.xlsx
6926,LUANA,Não,15,OS_ENTREGUES_DIA,02,"[6926, 'LUANA', 'Não']",2024-11-02 00:00:00,,perus,nov_24.xlsx
6927,LUANA,Não,16,OS_ENTREGUES_DIA,02,"[6927, 'LUANA', 'Não']",2024-11-02 00:00:00,,perus,nov_24.xlsx
6931,LUANA,NÃO,15,OS_ENTREGUES_DIA,05,"[6931, 'LUANA', 'NÃO']",2024-11-05 00:00:00,,perus,nov_24.xlsx
6936,LUANA,NÃO,16,OS_ENTREGUES_DIA,05,"[6936, 'LUANA', 'NÃO']",2024-11-05 00:00:00,,perus,nov_24.xlsx
6865,LUANA,Sim,15,OS_ENTREGUES_DIA,06,"[6865, 'LUANA', 'Sim']",2024-11-06 00:00:00,,perus,nov_24.xlsx
775,ROGÉRIO,Sim,15,OS_ENTREGUES_DIA,09,"[775, 'ROGÉRIO', 'Sim']",2024-11-09 00:00:00,,perus,nov_24.xlsx
6940,LUANA,Não,15,OS_ENTREGUES_DIA,12,"[6940, 'LUANA', 'Não']",2024-11-12 00:00:00,,perus,nov_24.xlsx
6939,LUANA,Não,16,OS_ENTREGUES_DIA,12,"[6939, 'LUANA', 'Não']",2024-11-12 00:00:00,,perus,nov_24.xlsx
6937,LUANA,Não,15,OS_ENTREGUES_DIA,13,"[6937, 'LUANA', 'Não']",2024-11-13 00:00:00,,perus,nov_24.xlsx
6912,LARISSA,Sim,15,OS_ENTREGUES_DIA,18,"[6912, 'LARISSA', 'Sim']",2024-11-18 00:00:00,,perus,nov_24.xlsx
6929,LUANA,Não,15,OS_ENTREGUES_DIA,22,"[6929, 'LUANA', 'Não']",2024-11-22 00:00:00,,perus,nov_24.xlsx
6947,LUANA,Não,15,OS_ENTREGUES_DIA,25,"[6947, 'LUANA', 'Não']",2024-11-25 00:00:00,,perus,nov_24.xlsx
6924,LUANA,Não,15,OS_ENTREGUES_DIA,26,"[6924, 'LUANA', 'Não']",2024-11-26 00:00:00,,perus,nov_24.xlsx
6944,LUANA,Não,15,OS_ENTREGUES_DIA,29,"[6944, 'LUANA', 'Não']",2024-11-29 00:00:00,,perus,nov_24.xlsx
427,TATY,Não,15,OS_ENTREGUES_DIA,02,"[427, 'TATY', 'Não']",2023-10-02 00:00:00,,perus,out_23.xlsx
429,ARIANI,Sim,15,OS_ENTREGUES_DIA,03,"[429, 'ARIANI', 'Sim']",2023-10-03 00:00:00,,perus,out_23.xlsx
426,TATY,Não,16,OS_ENTREGUES_DIA,03,"[426, 'TATY', 'Não']",2023-10-03 00:00:00,,perus,out_23.xlsx
437,ÉRIKA,Não,15,OS_ENTREGUES_DIA,05,"[437, 'ÉRIKA', 'Não']",2023-10-05 00:00:00,,perus,out_23.xlsx
431,ARIANI,Não,16,OS_ENTREGUES_DIA,05,"[431, 'ARIANI', 'Não']",2023-10-05 00:00:00,,perus,out_23.xlsx
413,TATY,Não,15,OS_ENTREGUES_DIA,07,"[413, 'TATY', 'Não']",2023-10-07 00:00:00,,perus,out_23.xlsx
448,ÉRIKA,Não,16,OS_ENTREGUES_DIA,07,"[448, 'ÉRIKA', 'Não']",2023-10-07 00:00:00,,perus,out_23.xlsx
445,ÉRIKA,Não,17,OS_ENTREGUES_DIA,07,"[445, 'ÉRIKA', 'Não']",2023-10-07 00:00:00,,perus,out_23.xlsx
422,ARIANI,Sim,18,OS_ENTREGUES_DIA,07,"[422, 'ARIANI', 'Sim']",2023-10-07 00:00:00,,perus,out_23.xlsx
449,ÉRIKA,Não,15,OS_ENTREGUES_DIA,09,"[449, 'ÉRIKA', 'Não']",2023-10-09 00:00:00,,perus,out_23.xlsx
446,LARISSA,Não,16,OS_ENTREGUES_DIA,09,"[446, 'LARISSA', 'Não']",2023-10-09 00:00:00,,perus,out_23.xlsx
441,ÉRIKA,Não,15,OS_ENTREGUES_DIA,11,"[441, 'ÉRIKA', 'Não']",2023-10-11 00:00:00,,perus,out_23.xlsx
403,ARIANI,Não,16,OS_ENTREGUES_DIA,11,"[403, 'ARIANI', 'Não']",2023-10-11 00:00:00,,perus,out_23.xlsx
415,TATY,Não,15,OS_ENTREGUES_DIA,14,"[415, 'TATY', 'Não']",2023-10-14 00:00:00,,perus,out_23.xlsx
435,ARIANI,Sim,16,OS_ENTREGUES_DIA,14,"[435, 'ARIANI', 'Sim']",2023-10-14 00:00:00,,perus,out_23.xlsx
440,ÉRIKA,Não,15,OS_ENTREGUES_DIA,16,"[440, 'ÉRIKA', 'Não']",2023-10-16 00:00:00,,perus,out_23.xlsx
433,TATY,Não,16,OS_ENTREGUES_DIA,16,"[433, 'TATY', 'Não']",2023-10-16 00:00:00,,perus,out_23.xlsx
451,ÉRIKA,Não,17,OS_ENTREGUES_DIA,16,"[451, 'ÉRIKA', 'Não']",2023-10-16 00:00:00,,perus,out_23.xlsx
432,ARIANI,Sim,15,OS_ENTREGUES_DIA,17,"[432, 'ARIANI', 'Sim']",2023-10-17 00:00:00,,perus,out_23.xlsx
466,ÉRIKA,Sim,15,OS_ENTREGUES_DIA,19,"[466, 'ÉRIKA', 'Sim']",2023-10-19 00:00:00,,perus,out_23.xlsx
476,ÉRIKA,Não,15,OS_ENTREGUES_DIA,20,"[476, 'ÉRIKA', 'Não']",2023-10-20 00:00:00,,perus,out_23.xlsx
461,ÉRIKA,Não,15,OS_ENTREGUES_DIA,21,"[461, 'ÉRIKA', 'Não']",2023-10-21 00:00:00,,perus,out_23.xlsx
459,TATY,Não,16,OS_ENTREGUES_DIA,21,"[459, 'TATY', 'Não']",2023-10-21 00:00:00,,perus,out_23.xlsx
460,TATY,Não,17,OS_ENTREGUES_DIA,21,"[460, 'TATY', 'Não']",2023-10-21 00:00:00,,perus,out_23.xlsx
458,ÉRIKA,Não,18,OS_ENTREGUES_DIA,21,"[458, 'ÉRIKA', 'Não']",2023-10-21 00:00:00,,perus,out_23.xlsx
454,ÉRIKA,Sim,15,OS_ENTREGUES_DIA,23,"[454, 'ÉRIKA', 'Sim']",2023-10-23 00:00:00,,perus,out_23.xlsx
444,ÉRIKA,Não,15,OS_ENTREGUES_DIA,24,"[444, 'ÉRIKA', 'Não']",2023-10-24 00:00:00,,perus,out_23.xlsx
157,MARIA,Sim,15,OS_ENTREGUES_DIA,25,"[157, 'MARIA', 'Sim']",2023-10-25 00:00:00,,perus,out_23.xlsx
450,ÉRIKA,Não,16,OS_ENTREGUES_DIA,25,"[450, 'ÉRIKA', 'Não']",2023-10-25 00:00:00,,perus,out_23.xlsx
468,ÉRIKA,Não,15,OS_ENTREGUES_DIA,26,"[468, 'ÉRIKA', 'Não']",2023-10-26 00:00:00,,perus,out_23.xlsx
455,ÉRIKA,Não,16,OS_ENTREGUES_DIA,26,"[455, 'ÉRIKA', 'Não']",2023-10-26 00:00:00,,perus,out_23.xlsx
471,TATY,Sim,15,OS_ENTREGUES_DIA,28,"[471, 'TATY', 'Sim']",2023-10-28 00:00:00,,perus,out_23.xlsx
472,TATY,Não,16,OS_ENTREGUES_DIA,28,"[472, 'TATY', 'Não']",2023-10-28 00:00:00,,perus,out_23.xlsx
473,ANA,Sim,15,OS_ENTREGUES_DIA,30,"[473, 'ANA', 'Sim']",2023-10-30 00:00:00,,perus,out_23.xlsx
436,ÉRIKA,Não,15,OS_ENTREGUES_DIA,31,"[436, 'ÉRIKA', 'Não']",2023-10-31 00:00:00,,perus,out_23.xlsx
467,ÉRIKA,Não,16,OS_ENTREGUES_DIA,31,"[467, 'ÉRIKA', 'Não']",2023-10-31 00:00:00,,perus,out_23.xlsx
452,TATY,Não,17,OS_ENTREGUES_DIA,31,"[452, 'TATY', 'Não']",2023-10-31 00:00:00,,perus,out_23.xlsx
488,TATY,Não,18,OS_ENTREGUES_DIA,31,"[488, 'TATY', 'Não']",2023-10-31 00:00:00,,perus,out_23.xlsx
486,TATY,Não,19,OS_ENTREGUES_DIA,31,"[486, 'TATY', 'Não']",2023-10-31 00:00:00,,perus,out_23.xlsx
443,ÉRIKA,Não,20,OS_ENTREGUES_DIA,31,"[443, 'ÉRIKA', 'Não']",2023-10-31 00:00:00,,perus,out_23.xlsx
496,ÉRIKA,Não,21,OS_ENTREGUES_DIA,31,"[496, 'ÉRIKA', 'Não']",2023-10-31 00:00:00,,perus,out_23.xlsx
6887,LUANA,Não,15,OS_ENTREGUES_DIA,07,"[6887, 'LUANA', 'Não']",2024-10-07 00:00:00,,perus,out_24.xlsx
6904,LUANA,Não,15,OS_ENTREGUES_DIA,08,"[6904, 'LUANA', 'Não']",2024-10-08 00:00:00,,perus,out_24.xlsx
6906,LUANA,Não,15,OS_ENTREGUES_DIA,10,"[6906, 'LUANA', 'Não']",2024-10-10 00:00:00,,perus,out_24.xlsx
6911,LUANA,SIM,16,OS_ENTREGUES_DIA,10,"[6911, 'LUANA', 'SIM']",2024-10-10 00:00:00,,perus,out_24.xlsx
6908,LUANA,Não,15,OS_ENTREGUES_DIA,15,"[6908, 'LUANA', 'Não']",2024-10-15 00:00:00,,perus,out_24.xlsx
6919,LUANA,Não,15,OS_ENTREGUES_DIA,16,"[6919, 'LUANA', 'Não']",2024-10-16 00:00:00,,perus,out_24.xlsx
6918,LUANA,Não,15,OS_ENTREGUES_DIA,17,"[6918, 'LUANA', 'Não']",2024-10-17 00:00:00,,perus,out_24.xlsx
6930,LUANA,Não,16,OS_ENTREGUES_DIA,17,"[6930, 'LUANA', 'Não']",2024-10-17 00:00:00,,perus,out_24.xlsx
6905,LUANA,Não,15,OS_ENTREGUES_DIA,19,"[6905, 'LUANA', 'Não']",2024-10-19 00:00:00,,perus,out_24.xlsx
6923,LUANA,Não,15,OS_ENTREGUES_DIA,22,"[6923, 'LUANA', 'Não']",2024-10-22 00:00:00,,perus,out_24.xlsx
6901,LUANA,Não,16,OS_ENTREGUES_DIA,22,"[6901, 'LUANA', 'Não']",2024-10-22 00:00:00,,perus,out_24.xlsx
6893,LUANA,Não,15,OS_ENTREGUES_DIA,23,"[6893, 'LUANA', 'Não']",2024-10-23 00:00:00,,perus,out_24.xlsx
6920,LUANA,Não,15,OS_ENTREGUES_DIA,25,"[6920, 'LUANA', 'Não']",2024-10-25 00:00:00,,perus,out_24.xlsx
6909,LUANA,Não,16,OS_ENTREGUES_DIA,25,"[6909, 'LUANA', 'Não']",2024-10-25 00:00:00,,perus,out_24.xlsx
6922,LUANA,Não,15,OS_ENTREGUES_DIA,28,"[6922, 'LUANA', 'Não']",2024-10-28 00:00:00,,perus,out_24.xlsx
380,ARIANI,Não,15,OS_ENTREGUES_DIA,01,"[380, 'ARIANI', 'Não']",2023-09-01 00:00:00,,perus,set_23.xlsx
358,ARIANI,Não,16,OS_ENTREGUES_DIA,01,"[358, 'ARIANI', 'Não']",2023-09-01 00:00:00,,perus,set_23.xlsx
379,WILLIAM,Não,15,OS_ENTREGUES_DIA,02,"[379, 'WILLIAM', 'Não']",2023-09-02 00:00:00,,perus,set_23.xlsx
387,ARIANI,Não,16,OS_ENTREGUES_DIA,02,"[387, 'ARIANI', 'Não']",2023-09-02 00:00:00,,perus,set_23.xlsx
371,SAMUEL,Não,17,OS_ENTREGUES_DIA,02,"[371, 'SAMUEL', 'Não']",2023-09-02 00:00:00,,perus,set_23.xlsx
377,WILLIAM,Não,18,OS_ENTREGUES_DIA,02,"[377, 'WILLIAM', 'Não']",2023-09-02 00:00:00,,perus,set_23.xlsx
381,ARIANI,Não,15,OS_ENTREGUES_DIA,04,"[381, 'ARIANI', 'Não']",2023-09-04 00:00:00,,perus,set_23.xlsx
378,JOANA,Não,16,OS_ENTREGUES_DIA,04,"[378, 'JOANA', 'Não']",2023-09-04 00:00:00,,perus,set_23.xlsx
375,WILLIAM,Sim,15,OS_ENTREGUES_DIA,05,"[375, 'WILLIAM', 'Sim']",2023-09-05 00:00:00,,perus,set_23.xlsx
376,WILLIAM,Não,16,OS_ENTREGUES_DIA,05,"[376, 'WILLIAM', 'Não']",2023-09-05 00:00:00,,perus,set_23.xlsx
374,WILLIAM,Não,15,OS_ENTREGUES_DIA,06,"[374, 'WILLIAM', 'Não']",2023-09-06 00:00:00,,perus,set_23.xlsx
373,WILLIAM,Não,15,OS_ENTREGUES_DIA,08,"[373, 'WILLIAM', 'Não']",2023-09-08 00:00:00,,perus,set_23.xlsx
388,ARIANI,Não,15,OS_ENTREGUES_DIA,11,"[388, 'ARIANI', 'Não']",2023-09-11 00:00:00,,perus,set_23.xlsx
384,ARIANI,Sim,16,OS_ENTREGUES_DIA,11,"[384, 'ARIANI', 'Sim']",2023-09-11 00:00:00,,perus,set_23.xlsx
370,SAMUEL,Não,15,OS_ENTREGUES_DIA,12,"[370, 'SAMUEL', 'Não']",2023-09-12 00:00:00,,perus,set_23.xlsx
386,ARIANI,Sim,15,OS_ENTREGUES_DIA,14,"[386, 'ARIANI', 'Sim']",2023-09-14 00:00:00,,perus,set_23.xlsx
399,ARIANI,Não,16,OS_ENTREGUES_DIA,14,"[399, 'ARIANI', 'Não']",2023-09-14 00:00:00,,perus,set_23.xlsx
297,SANDY,Não,15,OS_ENTREGUES_DIA,15,"[297, 'SANDY', 'Não']",2023-09-15 00:00:00,,perus,set_23.xlsx
372,SAMUEL,Não,16,OS_ENTREGUES_DIA,15,"[372, 'SAMUEL', 'Não']",2023-09-15 00:00:00,,perus,set_23.xlsx
408,ARIANI,Não,17,OS_ENTREGUES_DIA,15,"[408, 'ARIANI', 'Não']",2023-09-15 00:00:00,,perus,set_23.xlsx
391,WILLIAM,Não,15,OS_ENTREGUES_DIA,18,"[391, 'WILLIAM', 'Não']",2023-09-18 00:00:00,,perus,set_23.xlsx
394,WILLIAM,Não,16,OS_ENTREGUES_DIA,18,"[394, 'WILLIAM', 'Não']",2023-09-18 00:00:00,,perus,set_23.xlsx
398,WILLIAM,Não,15,OS_ENTREGUES_DIA,19,"[398, 'WILLIAM', 'Não']",2023-09-19 00:00:00,,perus,set_23.xlsx
409,TATY,Não,15,OS_ENTREGUES_DIA,20,"[409, 'TATY', 'Não']",2023-09-20 00:00:00,,perus,set_23.xlsx
402,ARIANI,Não,16,OS_ENTREGUES_DIA,20,"[402, 'ARIANI', 'Não']",2023-09-20 00:00:00,,perus,set_23.xlsx
404,ARIANI,Sim,15,OS_ENTREGUES_DIA,21,"[404, 'ARIANI', 'Sim']",2023-09-21 00:00:00,,perus,set_23.xlsx
385,ARIANI,Não,16,OS_ENTREGUES_DIA,21,"[385, 'ARIANI', 'Não']",2023-09-21 00:00:00,,perus,set_23.xlsx
406,ARIANI,Sim,17,OS_ENTREGUES_DIA,21,"[406, 'ARIANI', 'Sim']",2023-09-21 00:00:00,,perus,set_23.xlsx
320,ARIANI,Sim,15,OS_ENTREGUES_DIA,22,"[320, 'ARIANI', 'Sim']",2023-09-22 00:00:00,,perus,set_23.xlsx
407,ARIANI,Não,16,OS_ENTREGUES_DIA,22,"[407, 'ARIANI', 'Não']",2023-09-22 00:00:00,,perus,set_23.xlsx
392,WILLIAM,Não,15,OS_ENTREGUES_DIA,25,"[392, 'WILLIAM', 'Não']",,,perus,set_23.xlsx
262,ARIANI,Não,16,OS_ENTREGUES_DIA,25,"[262, 'ARIANI', 'Não']",,,perus,set_23.xlsx
423,ARIANI,Não,15,OS_ENTREGUES_DIA,26,"[423, 'ARIANI', 'Não']",2023-09-26 00:00:00,,perus,set_23.xlsx
418,ARIANI,Não,16,OS_ENTREGUES_DIA,26,"[418, 'ARIANI', 'Não']",2023-09-26 00:00:00,,perus,set_23.xlsx
363,ARIANI,Não,17,OS_ENTREGUES_DIA,26,"[363, 'ARIANI', 'Não']",2023-09-26 00:00:00,,perus,set_23.xlsx
361,ARIANI,Não,18,OS_ENTREGUES_DIA,26,"[361, 'ARIANI', 'Não']",2023-09-26 00:00:00,,perus,set_23.xlsx
420,LARISSA,Não,19,OS_ENTREGUES_DIA,26,"[420, 'LARISSA', 'Não']",2023-09-26 00:00:00,,perus,set_23.xlsx
419,ARIANI,Não,20,OS_ENTREGUES_DIA,26,"[419, 'ARIANI', 'Não']",2023-09-26 00:00:00,,perus,set_23.xlsx
410,TATY,Não,15,OS_ENTREGUES_DIA,27,"[410, 'TATY', 'Não']",2023-09-27 00:00:00,,perus,set_23.xlsx
417,ARIANI,Não,16,OS_ENTREGUES_DIA,27,"[417, 'ARIANI', 'Não']",2023-09-27 00:00:00,,perus,set_23.xlsx
434,LARISSA,Não,15,OS_ENTREGUES_DIA,28,"[434, 'LARISSA', 'Não']",2023-09-28 00:00:00,,perus,set_23.xlsx
416,ARIANI,Não,16,OS_ENTREGUES_DIA,28,"[416, 'ARIANI', 'Não']",2023-09-28 00:00:00,,perus,set_23.xlsx
360,ARIANI,Não,17,OS_ENTREGUES_DIA,28,"[360, 'ARIANI', 'Não']",2023-09-28 00:00:00,,perus,set_23.xlsx
362,ARIANI,Não,18,OS_ENTREGUES_DIA,28,"[362, 'ARIANI', 'Não']",2023-09-28 00:00:00,,perus,set_23.xlsx
425,LARISSA,Não,15,OS_ENTREGUES_DIA,29,"[425, 'LARISSA', 'Não']",2023-09-29 00:00:00,,perus,set_23.xlsx
401,ARIANI,Não,16,OS_ENTREGUES_DIA,29,"[401, 'ARIANI', 'Não']",2023-09-29 00:00:00,,perus,set_23.xlsx
412,TATY,Não,15,OS_ENTREGUES_DIA,30,"[412, 'TATY', 'Não']",2023-09-30 00:00:00,,perus,set_23.xlsx
438,LARISSA,Não,16,OS_ENTREGUES_DIA,30,"[438, 'LARISSA', 'Não']",2023-09-30 00:00:00,,perus,set_23.xlsx
430,ARIANI,Não,17,OS_ENTREGUES_DIA,30,"[430, 'ARIANI', 'Não']",2023-09-30 00:00:00,,perus,set_23.xlsx
380,ARIANI,Não,18,OS_ENTREGUES_DIA,30,"[380, 'ARIANI', 'Não']",2023-09-30 00:00:00,,perus,set_23.xlsx
877,LUANA,Não,15,OS_ENTREGUES_DIA,02,"[877, 'LUANA', 'Não']",2024-09-02 00:00:00,,perus,set_24.xlsx
868,LUANA,Sim,16,OS_ENTREGUES_DIA,02,"[868, 'LUANA', 'Sim']",2024-09-02 00:00:00,,perus,set_24.xlsx
854,ROGÉRIO,Não,15,OS_ENTREGUES_DIA,03,"[854, 'ROGÉRIO', 'Não']",2024-09-03 00:00:00,,perus,set_24.xlsx
855,ROGÉRIO,Não,16,OS_ENTREGUES_DIA,03,"[855, 'ROGÉRIO', 'Não']",2024-09-03 00:00:00,,perus,set_24.xlsx
870,TATY,Não,17,OS_ENTREGUES_DIA,03,"[870, 'TATY', 'Não']",2024-09-03 00:00:00,,perus,set_24.xlsx
871,TATY,Sim,18,OS_ENTREGUES_DIA,03,"[871, 'TATY', 'Sim']",2024-09-03 00:00:00,,perus,set_24.xlsx
872,TATY,Sim,19,OS_ENTREGUES_DIA,03,"[872, 'TATY', 'Sim']",2024-09-03 00:00:00,,perus,set_24.xlsx
873,TATY,Sim,20,OS_ENTREGUES_DIA,03,"[873, 'TATY', 'Sim']",2024-09-03 00:00:00,,perus,set_24.xlsx
878,ROGÉRIO,SIM,15,OS_ENTREGUES_DIA,05,"[878, 'ROGÉRIO', 'SIM']",2024-09-05 00:00:00,,perus,set_24.xlsx
849,ROGÉRIO,NÃO,16,OS_ENTREGUES_DIA,05,"[849, 'ROGÉRIO', 'NÃO']",2024-09-05 00:00:00,,perus,set_24.xlsx
883,LUANA,Não,15,OS_ENTREGUES_DIA,06,"[883, 'LUANA', 'Não']",2024-09-06 00:00:00,,perus,set_24.xlsx
879,ROGÉRIO,Não,16,OS_ENTREGUES_DIA,06,"[879, 'ROGÉRIO', 'Não']",2024-09-06 00:00:00,,perus,set_24.xlsx
862,TATY,Não,17,OS_ENTREGUES_DIA,06,"[862, 'TATY', 'Não']",2024-09-06 00:00:00,,perus,set_24.xlsx
863,TATY,Não,18,OS_ENTREGUES_DIA,06,"[863, 'TATY', 'Não']",2024-09-06 00:00:00,,perus,set_24.xlsx
851,ROGÉRIO,Não,15,OS_ENTREGUES_DIA,07,"[851, 'ROGÉRIO', 'Não']",2024-09-07 00:00:00,,perus,set_24.xlsx
882,LUANA,Não,15,OS_ENTREGUES_DIA,09,"[882, 'LUANA', 'Não']",2024-09-09 00:00:00,,perus,set_24.xlsx
6827,LUANA,Sim,15,OS_ENTREGUES_DIA,17,"[6827, 'LUANA', 'Sim']",2024-09-17 00:00:00,,perus,set_24.xlsx
6845,LUANA,Não,15,OS_ENTREGUES_DIA,18,"[6845, 'LUANA', 'Não']",2024-09-18 00:00:00,,perus,set_24.xlsx
6776,ROGÉRIO,Não,15,OS_ENTREGUES_DIA,19,"[6776, 'ROGÉRIO', 'Não']",2024-09-19 00:00:00,,perus,set_24.xlsx
6888,LUANA,Não,16,OS_ENTREGUES_DIA,19,"[6888, 'LUANA', 'Não']",2024-09-19 00:00:00,,perus,set_24.xlsx
6656,ROGÉRIO,Não,17,OS_ENTREGUES_DIA,19,"[6656, 'ROGÉRIO', 'Não']",2024-09-19 00:00:00,,perus,set_24.xlsx
6557,ROGÉRIO,Não,18,OS_ENTREGUES_DIA,19,"[6557, 'ROGÉRIO', 'Não']",2024-09-19 00:00:00,,perus,set_24.xlsx
6889,LUANA,Não,15,OS_ENTREGUES_DIA,20,"[6889, 'LUANA', 'Não']",2024-09-20 00:00:00,,perus,set_24.xlsx
6894,LUANA,Sim,16,OS_ENTREGUES_DIA,20,"[6894, 'LUANA', 'Sim']",2024-09-20 00:00:00,,perus,set_24.xlsx
6903,LUANA,Não,15,OS_ENTREGUES_DIA,23,"[6903, 'LUANA', 'Não']",2024-09-23 00:00:00,,perus,set_24.xlsx
6896,LUANA,Não,16,OS_ENTREGUES_DIA,23,"[6896, 'LUANA', 'Não']",2024-09-23 00:00:00,,perus,set_24.xlsx
6897,LUANA,Não,17,OS_ENTREGUES_DIA,23,"[6897, 'LUANA', 'Não']",2024-09-23 00:00:00,,perus,set_24.xlsx
6898,LUANA,Não,18,OS_ENTREGUES_DIA,23,"[6898, 'LUANA', 'Não']",2024-09-23 00:00:00,,perus,set_24.xlsx
6884,LUANA,Sim,15,OS_ENTREGUES_DIA,26,"[6884, 'LUANA', 'Sim']",2024-09-26 00:00:00,,perus,set_24.xlsx
6890,LUANA,Não,15,OS_ENTREGUES_DIA,27,"[6890, 'LUANA', 'Não']",2024-09-27 00:00:00,,perus,set_24.xlsx
6900,TATY,Não,16,OS_ENTREGUES_DIA,27,"[6900, 'TATY', 'Não']",2024-09-27 00:00:00,,perus,set_24.xlsx
6895,LUANA,Não,15,OS_ENTREGUES_DIA,28,"[6895, 'LUANA', 'Não']",2024-09-28 00:00:00,,perus,set_24.xlsx
6892,LUANA,Não,16,OS_ENTREGUES_DIA,28,"[6892, 'LUANA', 'Não']",2024-09-28 00:00:00,,perus,set_24.xlsx
6900,LUANA,Não,15,OS_ENTREGUES_DIA,30,"[6900, 'LUANA', 'Não']",2024-09-30 00:00:00,,perus,set_24.xlsx
